title,artist,youtubeVideoId,appleMusicTrackId,appleMusicPreviewUrl,deezerTrackId,deezerPreviewUrl,durationSec,themes,lyrics
有一種悲傷,A-Lin,BRcudpJzy1I,1438207200,https://audio-ssl.itunes.apple.com/itunes-assets/AudioPreview221/v4/1c/21/f6/1c21f6dd-f1ea-dfdc-8101-7ca17b9bd296/mzaf_2441576679989042092.plus.aac.p.m4a,564223932,"https://cdnt-preview.dzcdn.net/api/1/1/e/2/0/0/e20cf125765ec06cf223d5f820186640.mp3?hdnea=exp=1789844998~acl=/api/1/1/e/2/0/0/e20cf125765ec06cf223d5f820186640.mp3*~data=user_id=0,application_id=42~hmac=3e309023a824ccbacf057681f65208b7408eeb87330221f6b0c63a93db338426",241,華語流行;KTV必唱;失戀療傷;深夜EMO,
給我一個理由忘記,A-Lin,H3O4rREOZt8,930758262,https://audio-ssl.itunes.apple.com/itunes-assets/AudioPreview211/v4/a8/b6/de/a8b6defd-10f6-4dc5-4d19-62ad54c7ec11/mzaf_1556431057544426627.plus.aac.p.m4a,,,287,華語流行;KTV必唱;失戀療傷;深夜EMO,
我知道,BY2,UyGJNeBcntk,1070826150,https://audio-ssl.itunes.apple.com/itunes-assets/AudioPreview211/v4/88/8d/c9/888dc99f-b4a1-e843-4e45-4125afb4e164/mzaf_18209670750050359946.plus.aac.p.m4a,143317190,"https://cdnt-preview.dzcdn.net/api/1/1/9/e/d/0/9edba83b59995608f05e40308a865c85.mp3?hdnea=exp=1789845003~acl=/api/1/1/9/e/d/0/9edba83b59995608f05e40308a865c85.mp3*~data=user_id=0,application_id=42~hmac=1c85d30841879c46979c4ceea7450ea4e46dd0daabd9ab611c04e349429371ab",245,失戀療傷;華語流行;經典必聽;KTV必唱,
雪Distance,Capper,NCuVko5Hw6w,1674697488,https://audio-ssl.itunes.apple.com/itunes-assets/AudioPreview211/v4/ed/21/16/ed2116d9-2794-3603-51f2-7905df6f1441/mzaf_11191743421424167689.plus.aac.p.m4a,2169422197,"https://cdnt-preview.dzcdn.net/api/1/1/1/d/e/0/1de4ec6ae02d4e6d4b4a29cd8909846e.mp3?hdnea=exp=1789845005~acl=/api/1/1/1/d/e/0/1de4ec6ae02d4e6d4b4a29cd8909846e.mp3*~data=user_id=0,application_id=42~hmac=e4b9893b29e9dab33c379e5e40de5922f3cebd9d7a9e5747d3b76faea704f1fc",166,說唱饒舌,
來自天堂的魔鬼,G.E.M.,FWtbGkpdoP4,1053552399,https://audio-ssl.itunes.apple.com/itunes-assets/AudioPreview211/v4/d8/3f/68/d83f6887-27a1-b127-84ae-341471e40cf2/mzaf_8414505929528707554.plus.aac.p.m4a,110680132,"https://cdnt-preview.dzcdn.net/api/1/1/e/d/7/0/ed7c8b37d202232323e76819bdc84749.mp3?hdnea=exp=1789845008~acl=/api/1/1/e/d/7/0/ed7c8b37d202232323e76819bdc84749.mp3*~data=user_id=0,application_id=42~hmac=18325b1556bf3cfa32784f114dc507412ab233b4cbc1204593ed5b68ba725cb2",257,華語流行;經典必聽;KTV必唱;R&B與節奏感;熱血青春;城市夜行;通勤歌單;聚會合唱,
倒數,G.E.M.,ma7r2HGqwXs,1422581998,https://audio-ssl.itunes.apple.com/itunes-assets/AudioPreview221/v4/d2/70/22/d2702208-bfde-fb3e-d7cd-6b962ef40d36/mzaf_366523854842282670.plus.aac.p.m4a,536746492,"https://cdnt-preview.dzcdn.net/api/1/1/b/9/8/0/b982eb45b79211d23cefc3b2ff32c670.mp3?hdnea=exp=1789845010~acl=/api/1/1/b/9/8/0/b982eb45b79211d23cefc3b2ff32c670.mp3*~data=user_id=0,application_id=42~hmac=eb6aa01d78b2d1baf114eeb0221bc59f8db2dd289a58f280a8f69c177e43ae0d",242,華語流行;KTV必唱;熱血青春,
光年之外,G.E.M.,T4SimnaiktU,1818539844,https://audio-ssl.itunes.apple.com/itunes-assets/AudioPreview211/v4/1e/13/92/1e139266-3e01-c65b-50e1-4db14bd86619/mzaf_14612426343664382047.plus.aac.p.m4a,139025897,"https://cdnt-preview.dzcdn.net/api/1/1/d/3/f/0/d3fd175c04cf93e8293796aab9ea2632.mp3?hdnea=exp=1789845012~acl=/api/1/1/d/3/f/0/d3fd175c04cf93e8293796aab9ea2632.mp3*~data=user_id=0,application_id=42~hmac=9f9cbbc7f2590e667cff70289abe8c3be685e4c2eb6c9f73bbfba8b50bc39899",236,華語流行;KTV必唱;熱血青春,
再見,G.E.M.,Lhel0tzHE08,1070300792,https://audio-ssl.itunes.apple.com/itunes-assets/AudioPreview211/v4/5a/14/29/5a1429fa-7969-ffad-b5b8-c1266de77a42/mzaf_2707952760558695887.plus.aac.p.m4a,110680128,"https://cdnt-preview.dzcdn.net/api/1/1/3/e/4/0/3e490a990b7824e1c6c9ccd8aba052bc.mp3?hdnea=exp=1789845015~acl=/api/1/1/3/e/4/0/3e490a990b7824e1c6c9ccd8aba052bc.mp3*~data=user_id=0,application_id=42~hmac=d59a6823ac553c6914066b0c96206d10feab8d7d84b0f791ef295586497c7a49",206,華語流行;經典必聽;KTV必唱;R&B與節奏感;失戀療傷;深夜EMO;熱血青春;城市夜行;通勤歌單;聚會合唱,
喜歡你,G.E.M.,4OqXWzekVw4,1818539908,https://audio-ssl.itunes.apple.com/itunes-assets/AudioPreview221/v4/f8/c3/66/f8c366a7-c24f-d408-1c8b-d706c52a2779/mzaf_10200984510696695871.plus.aac.p.m4a,87077817,"https://cdnt-preview.dzcdn.net/api/1/1/7/2/9/0/72977df7f0ac62e7e1763c1a6f085267.mp3?hdnea=exp=1789845017~acl=/api/1/1/7/2/9/0/72977df7f0ac62e7e1763c1a6f085267.mp3*~data=user_id=0,application_id=42~hmac=3267b9c6994ae4479149629a82ac7184272253bfc1e69370bb43a10c1da2afb7",270,華語流行;經典必聽;KTV必唱;R&B與節奏感;告白甜歌;熱血青春;城市夜行;通勤歌單;聚會合唱,
多遠都要在一起,G.E.M.,D9ksLn6hZ7Q,1053567928,https://audio-ssl.itunes.apple.com/itunes-assets/AudioPreview211/v4/44/fd/d8/44fdd8d6-6034-7213-5717-ee4b804eb8d8/mzaf_2585594036384074677.plus.aac.p.m4a,110680126,"https://cdnt-preview.dzcdn.net/api/1/1/3/c/6/0/3c622f49b30c0921af17f3eb30e7179c.mp3?hdnea=exp=1789845019~acl=/api/1/1/3/c/6/0/3c622f49b30c0921af17f3eb30e7179c.mp3*~data=user_id=0,application_id=42~hmac=b439d44e622541b04c52dbcf7306d7f139ebdbc8cd0db4a8e1fef87d5e2fba75",325,華語流行;經典必聽;KTV必唱;R&B與節奏感;失戀療傷;深夜EMO;熱血青春;城市夜行;通勤歌單;聚會合唱,
夜空中最亮的星,G.E.M.,j22AIr5KlTc,1534864471,https://audio-ssl.itunes.apple.com/itunes-assets/AudioPreview211/v4/74/3a/53/743a536e-12d2-a75a-6044-a138fd354a50/mzaf_44640652431100722.plus.aac.p.m4a,,,238,華語流行;經典必聽;KTV必唱;R&B與節奏感;失戀療傷;深夜EMO;熱血青春;城市夜行;通勤歌單;聚會合唱,
新的心跳,G.E.M.,vDR-e3W6ARc,1016376836,https://audio-ssl.itunes.apple.com/itunes-assets/AudioPreview125/v4/5f/c2/fb/5fc2fbdb-33ed-1368-4fc5-2c51087da8d2/mzaf_7741341844804056153.plus.aac.p.m4a,110680130,"https://cdnt-preview.dzcdn.net/api/1/1/c/0/b/0/c0b4723f3bdd14862a3c2ce410966b69.mp3?hdnea=exp=1789845024~acl=/api/1/1/c/0/b/0/c0b4723f3bdd14862a3c2ce410966b69.mp3*~data=user_id=0,application_id=42~hmac=8c314f44ddf73c84ecf38324e8cd37505fecf65cc06cd79e12047d91323adaf1",314,華語流行;經典必聽;KTV必唱;R&B與節奏感;熱血青春;城市夜行;通勤歌單;聚會合唱,
泡沫,G.E.M.,mGeiABBB5f8,1818539839,https://audio-ssl.itunes.apple.com/itunes-assets/AudioPreview221/v4/44/4d/88/444d88e6-e511-b04c-4424-a589f3b6a155/mzaf_7534511337061462432.plus.aac.p.m4a,4058592111,"https://cdnt-preview.dzcdn.net/api/1/1/9/4/e/0/94e20382e14b8554c70dafbbd863668d.mp3?hdnea=exp=1789845026~acl=/api/1/1/9/4/e/0/94e20382e14b8554c70dafbbd863668d.mp3*~data=user_id=0,application_id=42~hmac=96ff6cc4dc21db48073d6acee536a427dc52a571a4ec35f26e449667a7a14ed5",259,華語流行;經典必聽;KTV必唱;R&B與節奏感;失戀療傷;深夜EMO;熱血青春;城市夜行;通勤歌單;聚會合唱,
我愛台妹,MC HotDog,z4nlIecbv-k,1777418894,https://audio-ssl.itunes.apple.com/itunes-assets/AudioPreview211/v4/8a/3f/b4/8a3fb4aa-b791-be0c-7ab5-fc85d927474e/mzaf_15941922410038295810.plus.aac.p.m4a,,,239,華語流行;說唱饒舌;R&B與節奏感;告白甜歌;熱血青春;城市夜行;通勤歌單,
Super Star,S.H.E,ShgAspeDRds,551570912,https://audio-ssl.itunes.apple.com/itunes-assets/AudioPreview211/v4/79/74/b2/7974b240-d160-d09c-34cb-8eaaac7ac489/mzaf_18341187977018790057.plus.aac.p.m4a,72258846,"https://cdnt-preview.dzcdn.net/api/1/1/d/1/5/0/d15ced179575bb2eceae320dd2c32a43.mp3?hdnea=exp=1789845031~acl=/api/1/1/d/1/5/0/d15ced179575bb2eceae320dd2c32a43.mp3*~data=user_id=0,application_id=42~hmac=530fd1f531df6063c7d1884deaf81badfce907db76101a9756ae7bf77c6c3122",227,華語流行;經典必聽;KTV必唱;跨年代金曲;R&B與節奏感;告白甜歌;熱血青春;通勤歌單;聚會合唱,（請自行填入歌詞供 LYRIC_LINE 模式使用，避免著作權疑慮，此處不預先填入）
中國話,S.H.E,3baofXUpIqM,551325898,https://audio-ssl.itunes.apple.com/itunes-assets/AudioPreview115/v4/b9/90/a4/b990a46f-e2d7-05f3-99b4-cff044b02d23/mzaf_15892354089681939062.plus.aac.p.m4a,105515322,"https://cdnt-preview.dzcdn.net/api/1/1/d/7/7/0/d7792b3569b9716e123e2bd67ea57128.mp3?hdnea=exp=1789845033~acl=/api/1/1/d/7/7/0/d7792b3569b9716e123e2bd67ea57128.mp3*~data=user_id=0,application_id=42~hmac=2d1d4c5337c25f7656e83678e33c53d9e1d2846611adfc51d2a6a09df04d01d5",223,華語流行;經典必聽;KTV必唱;跨年代金曲;R&B與節奏感;告白甜歌;熱血青春;通勤歌單;聚會合唱,（請自行填入歌詞供 LYRIC_LINE 模式使用，避免著作權疑慮，此處不預先填入）
熱帶雨林,S.H.E,-vYQGxzNQmg,571889400,https://audio-ssl.itunes.apple.com/itunes-assets/AudioPreview221/v4/42/fa/75/42fa7516-0cf2-5e99-5941-40fdb52bcc09/mzaf_2528960527999933661.plus.aac.p.m4a,1213808502,"https://cdnt-preview.dzcdn.net/api/1/1/2/2/0/0/2200b12929fab3cb92adf288ecb5c240.mp3?hdnea=exp=1789845035~acl=/api/1/1/2/2/0/0/2200b12929fab3cb92adf288ecb5c240.mp3*~data=user_id=0,application_id=42~hmac=7a6c0a2768020079c2063cbc0c3fba68059958454db312bd75caf5973fa24d8a",278,華語流行;經典必聽;KTV必唱;跨年代金曲;R&B與節奏感;告白甜歌;熱血青春;通勤歌單;聚會合唱,
零距離的思念,TINY7,jEbSQwqDfjM,1862231822,https://audio-ssl.itunes.apple.com/itunes-assets/AudioPreview211/v4/06/28/4f/06284f67-75a7-f93c-5d93-9b0f177163f5/mzaf_1189197780051957838.plus.aac.p.m4a,3725882902,"https://cdnt-preview.dzcdn.net/api/1/1/2/a/a/0/2aac2bd842a9a3b3def5eb0862a1cebb.mp3?hdnea=exp=1789845038~acl=/api/1/1/2/a/a/0/2aac2bd842a9a3b3def5eb0862a1cebb.mp3*~data=user_id=0,application_id=42~hmac=fa33bc7f3b64f9a3158e780a26def69b25e58467b8984a1aafefc637ed2e0ab5",187,抖音神曲,
500天,九九,B5ner2-oBGQ,1610388337,https://audio-ssl.itunes.apple.com/itunes-assets/AudioPreview221/v4/53/07/f0/5307f036-d263-1e93-5c40-91449981ff33/mzaf_17460456948884838192.plus.aac.p.m4a,3178389251,"https://cdnt-preview.dzcdn.net/api/1/1/1/1/a/0/11a95410c97e77a18fbd6e997004c127.mp3?hdnea=exp=1789845040~acl=/api/1/1/1/1/a/0/11a95410c97e77a18fbd6e997004c127.mp3*~data=user_id=0,application_id=42~hmac=e371ab6d032ebf7133f96ec4adf61ca68a8fc9feecd541b5c282dbb148cf3502",258,KTV必唱;失戀療傷;深夜EMO;華語流行,
乾杯,五月天,DyNiujSHnOk,1081297130,https://audio-ssl.itunes.apple.com/itunes-assets/AudioPreview211/v4/5a/65/68/5a6568fe-ffd9-d7c2-d552-abecf307e382/mzaf_8546411924806899679.plus.aac.p.m4a,,,386,華語流行;經典必聽;KTV必唱;跨年代金曲;聽團歌;告白甜歌;熱血青春;通勤歌單;聚會合唱,
好好（想把你寫成一首歌）,五月天,HxIct0i-CcA,1158763993,https://audio-ssl.itunes.apple.com/itunes-assets/AudioPreview221/v4/e0/48/b0/e048b037-4dac-7c79-844a-0dde44145165/mzaf_4405275588406780265.plus.aac.p.m4a,,,226,華語流行;經典必聽;KTV必唱;跨年代金曲;聽團歌;告白甜歌;熱血青春;通勤歌單;聚會合唱,
如果我們不曾相遇,五月天,zSWnNE0tkiw,1158763991,https://audio-ssl.itunes.apple.com/itunes-assets/AudioPreview211/v4/dd/4c/ed/dd4ced12-54ff-97ed-b78f-ac8ed4b861e8/mzaf_7341605380436980788.plus.aac.p.m4a,,,230,華語流行;經典必聽;KTV必唱;跨年代金曲;聽團歌;告白甜歌;熱血青春;通勤歌單;聚會合唱,
如煙,五月天,Qd9YGu3FWgc,1081381275,https://audio-ssl.itunes.apple.com/itunes-assets/AudioPreview221/v4/f1/77/ed/f177ed1f-f5c8-8e50-2b0b-e3739a4e2559/mzaf_14377944414817154819.plus.aac.p.m4a,,,320,華語流行;經典必聽;KTV必唱;跨年代金曲;聽團歌;熱血青春;通勤歌單;聚會合唱,
後來的我們,五月天,PzVgfLLZ954,1158763996,https://audio-ssl.itunes.apple.com/itunes-assets/AudioPreview211/v4/5e/1e/b2/5e1eb2ed-5761-783a-d5c1-6f9eef95edb3/mzaf_2179126581485006748.plus.aac.p.m4a,,,357,華語流行;經典必聽;KTV必唱;跨年代金曲;聽團歌;熱血青春;通勤歌單;聚會合唱,
我不願讓你一個人,五月天,qkOtQU1wb_Q,1081297131,https://audio-ssl.itunes.apple.com/itunes-assets/AudioPreview211/v4/26/bb/b1/26bbb1ea-bc09-30a5-65c4-7441afa10214/mzaf_6268297686634269571.plus.aac.p.m4a,,,267,華語流行;經典必聽;KTV必唱;跨年代金曲;聽團歌;熱血青春;通勤歌單;聚會合唱,
星空,五月天,RTUwaCImChM,1081297132,https://audio-ssl.itunes.apple.com/itunes-assets/AudioPreview221/v4/16/a2/0c/16a20cbe-c8c2-b637-ac97-8cd02ddfb858/mzaf_676102639965623815.plus.aac.p.m4a,,,343,華語流行;經典必聽;KTV必唱;跨年代金曲;聽團歌;熱血青春;通勤歌單;聚會合唱,
派對動物,五月天,DU_yNJ3UVwU,1158763998,https://audio-ssl.itunes.apple.com/itunes-assets/AudioPreview221/v4/34/c3/8f/34c38f00-ce4d-2c53-9b33-37805a623faf/mzaf_16070079516222580775.plus.aac.p.m4a,,,284,華語流行;經典必聽;KTV必唱;跨年代金曲;聽團歌;熱血青春;通勤歌單;聚會合唱,
知足,五月天,xKWoLDsJJKo,1207222578,https://audio-ssl.itunes.apple.com/itunes-assets/AudioPreview221/v4/49/37/a8/4937a807-fb5c-6ec3-04dd-86e5547f25d3/mzaf_9753000863767078148.plus.aac.p.m4a,,,271,華語流行;經典必聽;KTV必唱;跨年代金曲;聽團歌;告白甜歌;熱血青春;通勤歌單;聚會合唱,（請自行填入歌詞供 LYRIC_LINE 模式使用，避免著作權疑慮，此處不預先填入）
突然好想你,五月天,EopCPbEj1FA,1081381266,https://audio-ssl.itunes.apple.com/itunes-assets/AudioPreview221/v4/80/aa/a2/80aaa2ca-171a-b74b-72de-81fcc8cdec0f/mzaf_2062386005950218021.plus.aac.p.m4a,,,307,華語流行;經典必聽;KTV必唱;跨年代金曲;聽團歌;告白甜歌;熱血青春;通勤歌單;聚會合唱,（請自行填入歌詞供 LYRIC_LINE 模式使用，避免著作權疑慮，此處不預先填入）
諾亞方舟,五月天,7u76RWd4UM0,1081309220,https://audio-ssl.itunes.apple.com/itunes-assets/AudioPreview221/v4/df/85/b7/df85b7d8-e883-c699-5ef9-ddce3f20db07/mzaf_2109689764227051675.plus.aac.p.m4a,15907957,"https://cdnt-preview.dzcdn.net/api/1/1/2/b/a/0/2ba29e5f02236612577a2592482f3fb4.mp3?hdnea=exp=1789845065~acl=/api/1/1/2/b/a/0/2ba29e5f02236612577a2592482f3fb4.mp3*~data=user_id=0,application_id=42~hmac=a9cbcdcf87573e0bb3e947533fd9b27b264772f22fbcae94348e145aeb00ca65",348,華語流行;經典必聽;KTV必唱;跨年代金曲;聽團歌;熱血青春;通勤歌單;聚會合唱,（請自行填入歌詞供 LYRIC_LINE 模式使用，避免著作權疑慮，此處不預先填入）
頑固,五月天,W2VEh2Y5k4I,1158763997,https://audio-ssl.itunes.apple.com/itunes-assets/AudioPreview211/v4/ac/bc/92/acbc9291-d866-cc51-864e-feeab972a03c/mzaf_4822188977432768046.plus.aac.p.m4a,,,429,華語流行;經典必聽;KTV必唱;跨年代金曲;聽團歌;熱血青春;通勤歌單;聚會合唱,
心太軟,任賢齊,DlQtahDMDCw,1070739284,https://audio-ssl.itunes.apple.com/itunes-assets/AudioPreview221/v4/6e/60/20/6e60200c-d504-744b-d556-456fdc92dc3f/mzaf_16166076213417518929.plus.aac.p.m4a,80134060,"https://cdnt-preview.dzcdn.net/api/1/1/8/3/5/0/83504d2c56df06dc03c289dc80220492.mp3?hdnea=exp=1789845070~acl=/api/1/1/8/3/5/0/83504d2c56df06dc03c289dc80220492.mp3*~data=user_id=0,application_id=42~hmac=2421f76ebdba65f4e5be46f64eabbb1a3eb478bf5d18ae65cdfe85d735f0888e",353,華語流行;經典必聽;KTV必唱;跨年代金曲;失戀療傷;聚會合唱,
搖落YoLue,兄弟本色 G.U.T.S,-u0DaJc3CIk,,,,,313,華語流行;說唱饒舌;R&B與節奏感;熱血青春;城市夜行;通勤歌單,
迷途羔羊,兄弟本色 G.U.T.S,XhskxMRrk_A,1850409684,https://audio-ssl.itunes.apple.com/itunes-assets/AudioPreview211/v4/91/62/db/9162db2a-850a-567a-9329-42180886c3e6/mzaf_4222812191808838749.plus.aac.p.m4a,,,272,華語流行;說唱饒舌;R&B與節奏感;熱血青春;城市夜行;通勤歌單,
想見你想見你想見你,八三夭,Zh7gmg8VjFc,1486136137,https://audio-ssl.itunes.apple.com/itunes-assets/AudioPreview211/v4/33/6d/6a/336d6aa9-e7f6-8b58-b4a6-9f17bedfac75/mzaf_9727761699704915210.plus.aac.p.m4a,,,240,華語流行;聽團歌;熱血青春;城市夜行;通勤歌單;聚會合唱,
兩難,加木,IqCcqboPeX0,1801731880,https://audio-ssl.itunes.apple.com/itunes-assets/AudioPreview221/v4/e0/43/25/e0432527-5ea0-280a-33d0-cd740c595206/mzaf_12880206260424419476.plus.aac.p.m4a,,,170,抖音神曲,
在這座城市遺失了你,告五人,3Iv5jpusmCw,1544722555,https://audio-ssl.itunes.apple.com/itunes-assets/AudioPreview221/v4/01/69/70/0169709b-b7c4-2b3b-c497-26ed0527e520/mzaf_12422750865636199283.plus.aac.p.m4a,,,350,華語流行;聽團歌;熱血青春;城市夜行;通勤歌單;聚會合唱,
帶我去找夜生活,告五人,VJjN_yxKnL8,1492688176,https://audio-ssl.itunes.apple.com/itunes-assets/AudioPreview221/v4/29/43/ea/2943ea8a-fff5-9387-756f-dc7c7a66d56f/mzaf_5114626731721012870.plus.aac.p.m4a,,,300,華語流行;聽團歌;熱血青春;城市夜行;通勤歌單;聚會合唱,
愛人錯過,告五人,6D79CYTxvOM,1546062805,https://audio-ssl.itunes.apple.com/itunes-assets/AudioPreview211/v4/2f/48/6a/2f486aea-49ce-4bd8-0392-1b46b5b99c40/mzaf_9473331430726024879.plus.aac.p.m4a,,,293,華語流行;聽團歌;失戀療傷;告白甜歌;深夜EMO;熱血青春;城市夜行;通勤歌單;聚會合唱,
披星戴月的想你,告五人,czUF4VR2m-4,1546062815,https://audio-ssl.itunes.apple.com/itunes-assets/AudioPreview211/v4/b3/3f/b1/b33fb158-c5f9-4e44-cbcc-9f46b23642b0/mzaf_2277403908128486962.plus.aac.p.m4a,828849882,"https://cdnt-preview.dzcdn.net/api/1/1/5/1/6/0/516133ea4add5b39fd2e0c180a69631d.mp3?hdnea=exp=1789845088~acl=/api/1/1/5/1/6/0/516133ea4add5b39fd2e0c180a69631d.mp3*~data=user_id=0,application_id=42~hmac=b36993da223f84d976408a2449488a440e5e02fd13207ca5c5af0835e632b84e",350,華語流行;聽團歌;告白甜歌;熱血青春;城市夜行;通勤歌單;聚會合唱,
黃昏,周傳雄,6ca_YHZvzls,290187219,https://audio-ssl.itunes.apple.com/itunes-assets/AudioPreview211/v4/76/56/83/765683a1-d8e9-3d3b-acff-a104475b6de7/mzaf_15603137596913480651.plus.aac.p.m4a,14885341,"https://cdnt-preview.dzcdn.net/api/1/1/a/d/5/0/ad5e596b654628fcc77aeca47a5d45ce.mp3?hdnea=exp=1789845090~acl=/api/1/1/a/d/5/0/ad5e596b654628fcc77aeca47a5d45ce.mp3*~data=user_id=0,application_id=42~hmac=87f19db2aec9b09e22eb400e5b30403f6897ccdedbdf3b472895ca2cb9f94a79",338,華語流行;經典必聽;KTV必唱;跨年代金曲;失戀療傷;深夜EMO,
I Do,周杰倫,wIgduzASI6A,1887247016,https://audio-ssl.itunes.apple.com/itunes-assets/AudioPreview211/v4/1f/91/7c/1f917c9c-3d8f-0a4a-1d3b-ba12f8f4b923/mzaf_8971350328977764490.plus.aac.p.m4a,3916174191,"https://cdnt-preview.dzcdn.net/api/1/1/1/5/b/0/15b2b98bb3732361b4a4f0cba48eb84c.mp3?hdnea=exp=1789845092~acl=/api/1/1/1/5/b/0/15b2b98bb3732361b4a4f0cba48eb84c.mp3*~data=user_id=0,application_id=42~hmac=6c5b2b4e31b8231116cd9227679c6a9768cbaca0ab221d2628c93f010c1aed54",217,華語流行;經典必聽;KTV必唱;跨年代金曲;R&B與節奏感;告白甜歌;熱血青春;城市夜行;通勤歌單;聚會合唱,
一路向北,周杰倫,L229QDxDakU,536009753,https://audio-ssl.itunes.apple.com/itunes-assets/AudioPreview211/v4/f6/23/91/f6239173-79c5-663b-0894-b143753d1722/mzaf_10517715920157224642.plus.aac.p.m4a,2602475122,"https://cdnt-preview.dzcdn.net/api/1/1/8/e/d/0/8ed113149c0f3e60bbfea4bdf774c861.mp3?hdnea=exp=1789845095~acl=/api/1/1/8/e/d/0/8ed113149c0f3e60bbfea4bdf774c861.mp3*~data=user_id=0,application_id=42~hmac=98487d343566557e6b64e90a53b5d68baed933c50a5fbad999e583a33e5b3b89",302,華語流行;經典必聽;KTV必唱;跨年代金曲;R&B與節奏感;失戀療傷;深夜EMO;熱血青春;城市夜行;通勤歌單;聚會合唱,
七月的極光,周杰倫,PJyFND4-zR4,1887246594,https://audio-ssl.itunes.apple.com/itunes-assets/AudioPreview221/v4/6d/78/f9/6d78f9ef-7cf7-867a-9236-52bfd9b0f679/mzaf_6960775659003963954.plus.aac.p.m4a,,,194,華語流行;經典必聽;KTV必唱;跨年代金曲;R&B與節奏感;熱血青春;城市夜行;通勤歌單;聚會合唱,
七里香,周杰倫,U8E3j6y__BA,536115195,https://audio-ssl.itunes.apple.com/itunes-assets/AudioPreview221/v4/99/4e/e2/994ee285-7c0d-73ab-85b7-8d3899a17242/mzaf_12441330510018253101.plus.aac.p.m4a,2602471602,"https://cdnt-preview.dzcdn.net/api/1/1/c/4/9/0/c49f5755e1a011887d1694988077512a.mp3?hdnea=exp=1789845099~acl=/api/1/1/c/4/9/0/c49f5755e1a011887d1694988077512a.mp3*~data=user_id=0,application_id=42~hmac=57dd2c3989071d827d8f8db050ed091629e0c01c78ac572f52ebf9f2febcbe11",245,華語流行;經典必聽;KTV必唱;跨年代金曲;R&B與節奏感;熱血青春;城市夜行;通勤歌單;聚會合唱,（請自行填入歌詞供 LYRIC_LINE 模式使用，避免著作權疑慮，此處不預先填入）
上海 一九四三,周杰倫,0o3T6ygynQE,535739354,https://audio-ssl.itunes.apple.com/itunes-assets/AudioPreview211/v4/67/06/37/67063719-13d0-57f2-2e8c-bab7ec4a81c8/mzaf_1317947746414666956.plus.aac.p.m4a,,,197,R&B與節奏感;經典必聽,
不能說的秘密,周杰倫,uIWypArI73w,1624051288,https://audio-ssl.itunes.apple.com/itunes-assets/AudioPreview211/v4/4a/b9/5b/4ab95b4c-2204-eb57-d50d-49d08a9b156d/mzaf_7071041114377810492.plus.aac.p.m4a,2602473582,"https://cdnt-preview.dzcdn.net/api/1/1/9/1/9/0/919b95237b542819ed62fe0a1eb14521.mp3?hdnea=exp=1789845104~acl=/api/1/1/9/1/9/0/919b95237b542819ed62fe0a1eb14521.mp3*~data=user_id=0,application_id=42~hmac=ad68bdb76bcf5d23c75077b5677ef62e7f440d93c21326f59da0252f53c5cbaa",336,華語流行;經典必聽;KTV必唱;跨年代金曲;R&B與節奏感;熱血青春;城市夜行;通勤歌單;聚會合唱,
以父之名,周杰倫,9q7JOQfcJQM,535824736,https://audio-ssl.itunes.apple.com/itunes-assets/AudioPreview221/v4/99/f2/8c/99f28c96-cdba-c2dd-b120-dd67eaff252b/mzaf_17363371424903979351.plus.aac.p.m4a,2602483722,"https://cdnt-preview.dzcdn.net/api/1/1/0/4/d/0/04d71cfcf1d9c1ae01c0726fdd3f4d91.mp3?hdnea=exp=1789845106~acl=/api/1/1/0/4/d/0/04d71cfcf1d9c1ae01c0726fdd3f4d91.mp3*~data=user_id=0,application_id=42~hmac=74f448bf1cb2933388992a97079ef95535fd6de4e127801a271ba2161805e5dc",364,華語流行;經典必聽;KTV必唱;跨年代金曲;說唱饒舌;R&B與節奏感;熱血青春;城市夜行;通勤歌單;聚會合唱,
伊斯坦堡,周杰倫,s9wvjSkR_Ms,535791115,https://audio-ssl.itunes.apple.com/itunes-assets/AudioPreview221/v4/f9/00/5c/f9005cd3-c430-0a3a-3c26-307ccf4ed610/mzaf_14658243574839195153.plus.aac.p.m4a,,,208,R&B與節奏感,
半島鐵盒,周杰倫,duZDsG3tvoA,1485210497,https://audio-ssl.itunes.apple.com/itunes-assets/AudioPreview211/v4/4d/cd/80/4dcd808e-307e-d6ee-818d-0a4c4c56c025/mzaf_8169582342623269422.plus.aac.p.m4a,2602485002,"https://cdnt-preview.dzcdn.net/api/1/1/6/e/4/0/6e4b0e43ddb9a55e057bfa0d9ebdbd23.mp3?hdnea=exp=1789845111~acl=/api/1/1/6/e/4/0/6e4b0e43ddb9a55e057bfa0d9ebdbd23.mp3*~data=user_id=0,application_id=42~hmac=c4ba4395537a1537631f08e1bb8280869e10d081061937576e71bbf54eea49e5",319,華語流行;經典必聽;KTV必唱;跨年代金曲;R&B與節奏感;熱血青春;城市夜行;通勤歌單;聚會合唱,
印地安老斑鳩,周杰倫,hnmWCmR6o7A,535791116,https://audio-ssl.itunes.apple.com/itunes-assets/AudioPreview221/v4/54/0f/6c/540f6c2b-9892-d239-f105-9a7933938516/mzaf_1683051786547039098.plus.aac.p.m4a,2602485012,"https://cdnt-preview.dzcdn.net/api/1/1/b/a/2/0/ba266f13543a1b963f1d1b6c906ba0d3.mp3?hdnea=exp=1789845114~acl=/api/1/1/b/a/2/0/ba266f13543a1b963f1d1b6c906ba0d3.mp3*~data=user_id=0,application_id=42~hmac=36c4bd09a3c523309b5ffc364c7543be557e44e0f84ec056a2553182a7f417d7",287,華語流行;經典必聽;KTV必唱;跨年代金曲;說唱饒舌;R&B與節奏感;熱血青春;城市夜行;通勤歌單;聚會合唱,
反方向的鐘,周杰倫,fuM1aVCGR8c,535791118,https://audio-ssl.itunes.apple.com/itunes-assets/AudioPreview221/v4/cb/c0/9b/cbc09bd3-ec4a-205d-7086-eb8bab7f25e0/mzaf_4422889114427774123.plus.aac.p.m4a,,,268,華語流行;經典必聽;KTV必唱;跨年代金曲;R&B與節奏感;熱血青春;城市夜行;通勤歌單;聚會合唱,
可愛女人,周杰倫,87VUC4J_0Ps,535791109,https://audio-ssl.itunes.apple.com/itunes-assets/AudioPreview221/v4/42/97/aa/4297aae0-c997-12df-7d10-a14685cffcc6/mzaf_7566330534609965171.plus.aac.p.m4a,,,239,告白甜歌;華語流行;經典必聽,
告白氣球,周杰倫,cSqlwNjq77c,1118757877,https://audio-ssl.itunes.apple.com/itunes-assets/AudioPreview221/v4/e5/24/59/e5245986-c2d0-a701-5bde-bbc9373da1dc/mzaf_13819014783674734406.plus.aac.p.m4a,2602475402,"https://cdnt-preview.dzcdn.net/api/1/1/4/a/2/0/4a2c8b528c762563e478207310d02d64.mp3?hdnea=exp=1789845120~acl=/api/1/1/4/a/2/0/4a2c8b528c762563e478207310d02d64.mp3*~data=user_id=0,application_id=42~hmac=43c5a96ee0b48b405e34c579940739cca491bdd46c6f76cd774e4e61daff913c",214,華語流行;經典必聽;KTV必唱;跨年代金曲;R&B與節奏感;告白甜歌;熱血青春;城市夜行;通勤歌單;聚會合唱,（請自行填入歌詞供 LYRIC_LINE 模式使用，避免著作權疑慮，此處不預先填入）
園遊會,周杰倫,PfCD_7340jw,536115202,https://audio-ssl.itunes.apple.com/itunes-assets/AudioPreview221/v4/4f/c7/de/4fc7deec-01ab-7f1b-29d8-1ccba53d9301/mzaf_12599451594723341287.plus.aac.p.m4a,2613853152,"https://cdnt-preview.dzcdn.net/api/1/1/4/4/e/0/44e8aa6fd0e29b8fcb0aca353b5866a3.mp3?hdnea=exp=1789845123~acl=/api/1/1/4/4/e/0/44e8aa6fd0e29b8fcb0aca353b5866a3.mp3*~data=user_id=0,application_id=42~hmac=d9082f4784eeb36c087b3d0eaf787104ec15fc85efb2a4e5a23df419f1333b1a",250,華語流行;經典必聽;KTV必唱;跨年代金曲;R&B與節奏感;告白甜歌;熱血青春;城市夜行;通勤歌單;聚會合唱,
夜曲,周杰倫,Ii46Q7i4uuk,536009642,https://audio-ssl.itunes.apple.com/itunes-assets/AudioPreview211/v4/49/d9/63/49d96370-e197-5629-b8bb-bdd954c1b576/mzaf_217123187122990137.plus.aac.p.m4a,1745023957,"https://cdnt-preview.dzcdn.net/api/1/1/e/d/5/0/ed57402aff1142b914fc93f134692bdf.mp3?hdnea=exp=1789845125~acl=/api/1/1/e/d/5/0/ed57402aff1142b914fc93f134692bdf.mp3*~data=user_id=0,application_id=42~hmac=a016c24ef12dd2c6f162b6119b10a720e74ebcf3129f758be640346f044d0627",227,華語流行;經典必聽;KTV必唱;跨年代金曲;R&B與節奏感;失戀療傷;深夜EMO;熱血青春;城市夜行;通勤歌單;聚會合唱,
太陽之子,周杰倫,Hgnpi3eBQ9o,535754619,https://audio-ssl.itunes.apple.com/itunes-assets/AudioPreview221/v4/de/ce/28/dece286c-05f1-1012-8b6f-8e6e223ada4e/mzaf_12463810760251867975.plus.aac.p.m4a,3916174141,"https://cdnt-preview.dzcdn.net/api/1/1/b/b/a/0/bba089610c0e8ef2c945bc3dadf2398f.mp3?hdnea=exp=1789845127~acl=/api/1/1/b/b/a/0/bba089610c0e8ef2c945bc3dadf2398f.mp3*~data=user_id=0,application_id=42~hmac=bad4bb16365ff9a983d5c454d6ee71eeae80f50cc9e34a32d36b165aae895a46",298,華語流行;經典必聽;KTV必唱;跨年代金曲;說唱饒舌;R&B與節奏感;熱血青春;城市夜行;通勤歌單;聚會合唱,
女兒殿下,周杰倫,aGsrg1NO1cM,1887247018,https://audio-ssl.itunes.apple.com/itunes-assets/AudioPreview211/v4/d9/ae/2c/d9ae2c09-5fea-e7a1-14e9-6ef8421888a4/mzaf_7567846761999817745.plus.aac.p.m4a,,,225,華語流行;經典必聽;KTV必唱;跨年代金曲;R&B與節奏感;失戀療傷;深夜EMO;熱血青春;城市夜行;通勤歌單;聚會合唱,
娘子,周杰倫,MpP9dw_j2PI,535791112,https://audio-ssl.itunes.apple.com/itunes-assets/AudioPreview221/v4/e2/3f/c8/e23fc820-3b4a-fb1e-be42-6650da4fed80/mzaf_11172605653974325957.plus.aac.p.m4a,,,272,R&B與節奏感,
安靜,周杰倫,1hI-7vj2FhE,535739359,https://audio-ssl.itunes.apple.com/itunes-assets/AudioPreview211/v4/d4/c3/50/d4c35090-5ce2-0577-89a9-a7b5aed8962b/mzaf_761017040051055634.plus.aac.p.m4a,4175113462,"https://cdnt-preview.dzcdn.net/api/1/1/5/8/2/0/582cd7ca7f79404672ad466afaf9eb2a.mp3?hdnea=exp=1789845134~acl=/api/1/1/5/8/2/0/582cd7ca7f79404672ad466afaf9eb2a.mp3*~data=user_id=0,application_id=42~hmac=fb68c88d27936d4ac39f380c8a717cb9069444ad7e0850b35818a0dc42f3a759",331,華語流行;經典必聽;KTV必唱;跨年代金曲;R&B與節奏感;失戀療傷;深夜EMO;熱血青春;城市夜行;通勤歌單;聚會合唱,
完美主義,周杰倫,gxZHH8x2zPg,535791110,https://audio-ssl.itunes.apple.com/itunes-assets/AudioPreview211/v4/69/dc/9e/69dc9e75-f59b-7e6a-a30a-9d761eafb759/mzaf_17241265157299898157.plus.aac.p.m4a,,,245,R&B與節奏感,
彩虹,周杰倫,WxZvXPTBC0A,536030694,https://audio-ssl.itunes.apple.com/itunes-assets/AudioPreview211/v4/10/f8/58/10f85860-fbe9-b372-338a-48844d65e969/mzaf_8275780661696818690.plus.aac.p.m4a,2602475212,"https://cdnt-preview.dzcdn.net/api/1/1/d/8/a/0/d8aa13519dc264cc3f6f700d5da94e73.mp3?hdnea=exp=1789845139~acl=/api/1/1/d/8/a/0/d8aa13519dc264cc3f6f700d5da94e73.mp3*~data=user_id=0,application_id=42~hmac=896287d1da43eb4a3beca9b9b87a8cb6294b4aeec4ce701504d8f78baac195bf",273,華語流行;經典必聽;KTV必唱;跨年代金曲;R&B與節奏感;熱血青春;城市夜行;通勤歌單;聚會合唱,
忍者,周杰倫,55yJh4SHUBY,535739352,https://audio-ssl.itunes.apple.com/itunes-assets/AudioPreview211/v4/5a/f5/47/5af547fc-0cea-8893-10ad-3f48764bc9bf/mzaf_3899386189543688143.plus.aac.p.m4a,2602484232,"https://cdnt-preview.dzcdn.net/api/1/1/8/3/d/0/83d944c44673f57744a5a34bfbaa9b73.mp3?hdnea=exp=1789845141~acl=/api/1/1/8/3/d/0/83d944c44673f57744a5a34bfbaa9b73.mp3*~data=user_id=0,application_id=42~hmac=54159555d1ebc65aee3ad0757c978c19d75b44d2e1735cddb699592bcaa67796",159,華語流行;經典必聽;KTV必唱;跨年代金曲;說唱饒舌;R&B與節奏感;熱血青春;城市夜行;通勤歌單;聚會合唱,
愛在西元前,周杰倫,5XK2C9w6oVk,535739349,https://audio-ssl.itunes.apple.com/itunes-assets/AudioPreview211/v4/04/57/b1/0457b1cf-eddf-e2af-a4a0-53544f0f1118/mzaf_17009623038916082523.plus.aac.p.m4a,2602483482,"https://cdnt-preview.dzcdn.net/api/1/1/5/4/3/0/5437d4f795e657e8394e6fe6580aed58.mp3?hdnea=exp=1789845143~acl=/api/1/1/5/4/3/0/5437d4f795e657e8394e6fe6580aed58.mp3*~data=user_id=0,application_id=42~hmac=dfcee1c5347858c550b9e3570e1bd5a143f14971b352ef1900e49e499af59af0",239,R&B與節奏感;經典必聽;華語流行,
愛琴海,周杰倫,ZLldhJXp7iw,1887246595,https://audio-ssl.itunes.apple.com/itunes-assets/AudioPreview211/v4/3e/a1/66/3ea166d5-5326-6e14-df36-2714a42e9816/mzaf_17385480405359011704.plus.aac.p.m4a,,,215,華語流行;經典必聽;KTV必唱;跨年代金曲;R&B與節奏感;告白甜歌;熱血青春;城市夜行;通勤歌單;聚會合唱,
星晴,周杰倫,sTNJsIcPSvE,535791111,https://audio-ssl.itunes.apple.com/itunes-assets/AudioPreview211/v4/84/97/19/849719eb-321a-f3aa-7bf8-c53ab439f2db/mzaf_18389453262807796706.plus.aac.p.m4a,2602471442,"https://cdnt-preview.dzcdn.net/api/1/1/6/d/a/0/6da3185323b03d5424506c3a67f463ef.mp3?hdnea=exp=1789845148~acl=/api/1/1/6/d/a/0/6da3185323b03d5424506c3a67f463ef.mp3*~data=user_id=0,application_id=42~hmac=8d9bc78440c6778c291f5fba1dcc56b0f2c25d184b154adf67cc337b445b216b",258,告白甜歌;華語流行,
時光機,周杰倫,X7EMTrOxY6k,1624001322,https://audio-ssl.itunes.apple.com/itunes-assets/AudioPreview221/v4/4a/11/07/4a1107a0-4725-1f88-2a62-ba1b6cf9e0a4/mzaf_2768290065931487289.plus.aac.p.m4a,2602483682,"https://cdnt-preview.dzcdn.net/api/1/1/f/7/1/0/f71e01ff243d5a4023a4e9bcbfe3f462.mp3?hdnea=exp=1789845150~acl=/api/1/1/f/7/1/0/f71e01ff243d5a4023a4e9bcbfe3f462.mp3*~data=user_id=0,application_id=42~hmac=f7cccdc5993f0c9d8ee5fc47241454089d903949c8472801192aff033e479533",312,華語流行;經典必聽;KTV必唱;跨年代金曲;R&B與節奏感;熱血青春;城市夜行;通勤歌單;聚會合唱,
晴天,周杰倫,SJKoWAd5ySo,535824738,https://audio-ssl.itunes.apple.com/itunes-assets/AudioPreview221/v4/20/d0/e7/20d0e7db-9c12-795a-d738-2fc3dde4ac9a/mzaf_10317517925583301645.plus.aac.p.m4a,1745023947,"https://cdnt-preview.dzcdn.net/api/1/1/d/2/8/0/d284049edf70fdf628641cd62a7f2f82.mp3?hdnea=exp=1789845152~acl=/api/1/1/d/2/8/0/d284049edf70fdf628641cd62a7f2f82.mp3*~data=user_id=0,application_id=42~hmac=7808099e07a1e88f3e548312a794058b28b291609e909283fc18ec79fc68b989",270,華語流行;經典必聽;KTV必唱;跨年代金曲;R&B與節奏感;熱血青春;城市夜行;通勤歌單;聚會合唱,（請自行填入歌詞供 LYRIC_LINE 模式使用，避免著作權疑慮，此處不預先填入）
本草綱目,周杰倫,8CD06hC1KGU,536285260,https://audio-ssl.itunes.apple.com/itunes-assets/AudioPreview211/v4/37/d8/e2/37d8e2a5-a480-d9a1-58bf-713798885168/mzaf_11904739382398777093.plus.aac.p.m4a,2602474102,"https://cdnt-preview.dzcdn.net/api/1/1/8/2/d/0/82daf69a5499ef8b87aa9f40c2961fb8.mp3?hdnea=exp=1789845155~acl=/api/1/1/8/2/d/0/82daf69a5499ef8b87aa9f40c2961fb8.mp3*~data=user_id=0,application_id=42~hmac=8ab6a9e8202c31f0fe90432ac082840494c3ee1aabeb7672a88baced01a1be17",228,華語流行;經典必聽;KTV必唱;跨年代金曲;說唱饒舌;R&B與節奏感;熱血青春;城市夜行;通勤歌單;聚會合唱,
東風破,周杰倫,qct0JLjaHDc,535824740,https://audio-ssl.itunes.apple.com/itunes-assets/AudioPreview221/v4/48/e9/77/48e97700-c95b-3d23-17bc-ec6673433588/mzaf_7829398592808176673.plus.aac.p.m4a,2602471572,"https://cdnt-preview.dzcdn.net/api/1/1/2/0/e/0/20ed76599cea3d44566ecb189abedc8e.mp3?hdnea=exp=1789845157~acl=/api/1/1/2/0/e/0/20ed76599cea3d44566ecb189abedc8e.mp3*~data=user_id=0,application_id=42~hmac=3cb25dd78ee42adc74bcfe95a4236fc04510e84c8f4964a4fc76823c42455e9c",313,華語流行;經典必聽;KTV必唱;跨年代金曲;R&B與節奏感;失戀療傷;深夜EMO;熱血青春;城市夜行;通勤歌單;聚會合唱,
楓,周杰倫,qzwsQTY-99o,536009647,https://audio-ssl.itunes.apple.com/itunes-assets/AudioPreview211/v4/8e/73/ea/8e73ea9a-9fa6-bd5e-26a5-965e4a1ce51d/mzaf_4647971212508521464.plus.aac.p.m4a,4164777652,"https://cdnt-preview.dzcdn.net/api/1/1/5/0/5/0/505a901573db8bbc01f9bee95a2da9c5.mp3?hdnea=exp=1789845159~acl=/api/1/1/5/0/5/0/505a901573db8bbc01f9bee95a2da9c5.mp3*~data=user_id=0,application_id=42~hmac=1412b9231d343df6447131fcedfe0b28d44e17f5df8d6c485e214e62d43665dc",275,華語流行;經典必聽;KTV必唱;跨年代金曲;R&B與節奏感;失戀療傷;深夜EMO;熱血青春;城市夜行;通勤歌單;聚會合唱,
淘金小鎮,周杰倫,SW3OQ0ijUCI,1887247019,https://audio-ssl.itunes.apple.com/itunes-assets/AudioPreview211/v4/0a/02/53/0a0253b2-5914-7813-510d-e54d93b76e1b/mzaf_13777952405454268426.plus.aac.p.m4a,,,251,華語流行;經典必聽;KTV必唱;跨年代金曲;R&B與節奏感;熱血青春;城市夜行;通勤歌單;聚會合唱,
湘女多情,周杰倫,EIQlWo-E8PM,1887246592,https://audio-ssl.itunes.apple.com/itunes-assets/AudioPreview211/v4/ed/ce/17/edce17df-fa0f-29d7-1842-195bd12a899f/mzaf_17789005965448284808.plus.aac.p.m4a,,,239,華語流行;經典必聽;KTV必唱;跨年代金曲;R&B與節奏感;熱血青春;城市夜行;通勤歌單;聚會合唱,
煙花易冷,周杰倫,akLc2fdLWdY,536248196,https://audio-ssl.itunes.apple.com/itunes-assets/AudioPreview221/v4/1e/e2/ae/1ee2aeca-d817-3e80-62d8-b351a1d6efb9/mzaf_13139180540057577530.plus.aac.p.m4a,2602482782,"https://cdnt-preview.dzcdn.net/api/1/1/5/3/0/0/5306e2348e9ba231c3c653a6319edd78.mp3?hdnea=exp=1789845166~acl=/api/1/1/5/3/0/0/5306e2348e9ba231c3c653a6319edd78.mp3*~data=user_id=0,application_id=42~hmac=12403662d9dcc1019e06c087e9945a3835b6b69455e1d34ebfe1bb2793755759",261,華語流行;經典必聽;KTV必唱;跨年代金曲;R&B與節奏感;失戀療傷;深夜EMO;熱血青春;城市夜行;通勤歌單;聚會合唱,
爸 我回來了,周杰倫,nhyT8HDT4lg,535739350,https://audio-ssl.itunes.apple.com/itunes-assets/AudioPreview221/v4/03/1a/d5/031ad5c9-9932-8bed-8c3f-6735f14b0297/mzaf_9019710252027190200.plus.aac.p.m4a,2602484982,"https://cdnt-preview.dzcdn.net/api/1/1/2/6/1/0/261f9a5cd10e60a1f31118c082e9172b.mp3?hdnea=exp=1789845169~acl=/api/1/1/2/6/1/0/261f9a5cd10e60a1f31118c082e9172b.mp3*~data=user_id=0,application_id=42~hmac=fde62c550f81f235776a162929cdb597418e5dbbd6f36a739a48110c19a4a73b",230,R&B與節奏感,
稻香,周杰倫,l6a5D6yxqEU,1624001324,https://audio-ssl.itunes.apple.com/itunes-assets/AudioPreview211/v4/af/d8/da/afd8daa7-b2aa-fb44-b4e0-258ad25187f5/mzaf_18323630198043973445.plus.aac.p.m4a,2871336032,"https://cdnt-preview.dzcdn.net/api/1/1/2/f/6/0/2f6c66a4392f753f783189e15179a265.mp3?hdnea=exp=1789845171~acl=/api/1/1/2/f/6/0/2f6c66a4392f753f783189e15179a265.mp3*~data=user_id=0,application_id=42~hmac=a7d2c07655237b105b45262ee7a727cf327b6c2b4695d295606eb5384d3a9413",223,華語流行;經典必聽;KTV必唱;跨年代金曲;R&B與節奏感;熱血青春;城市夜行;通勤歌單;聚會合唱,（請自行填入歌詞供 LYRIC_LINE 模式使用，避免著作權疑慮，此處不預先填入）
簡單愛,周杰倫,Y4xCVlyCvX4,535739351,https://audio-ssl.itunes.apple.com/itunes-assets/AudioPreview211/v4/99/c2/35/99c23519-691d-28bd-3263-54ee44ea4b1a/mzaf_16660115524814344678.plus.aac.p.m4a,2602471532,"https://cdnt-preview.dzcdn.net/api/1/1/6/b/9/0/6b9579ca50376cf63cbe8db4efbfc18a.mp3?hdnea=exp=1789845173~acl=/api/1/1/6/b/9/0/6b9579ca50376cf63cbe8db4efbfc18a.mp3*~data=user_id=0,application_id=42~hmac=7a1e46ff55b93fa1dd4b7cd8684be9083579fafdfa8b9544da161f3cabe5c5aa",270,告白甜歌;華語流行;經典必聽;KTV必唱,
米蘭小鐵匠,周杰倫,KmaqqnLGUG0,536162269,https://audio-ssl.itunes.apple.com/itunes-assets/AudioPreview221/v4/db/aa/03/dbaa03d6-9d55-8a0c-ff6d-9e25d45c6bcb/mzaf_17088780874299003760.plus.aac.p.m4a,,,240,華語流行;經典必聽;KTV必唱;跨年代金曲;R&B與節奏感;熱血青春;城市夜行;通勤歌單;聚會合唱,
聽見下雨的聲音,周杰倫,zqKoXPHhmsM,944321451,https://audio-ssl.itunes.apple.com/itunes-assets/AudioPreview221/v4/4a/76/87/4a768770-85b4-846f-f779-259801e1803f/mzaf_13011721415631268082.plus.aac.p.m4a,2602474882,"https://cdnt-preview.dzcdn.net/api/1/1/4/1/e/0/41ef57b807542aa5c82169703e6d0a3b.mp3?hdnea=exp=1789845178~acl=/api/1/1/4/1/e/0/41ef57b807542aa5c82169703e6d0a3b.mp3*~data=user_id=0,application_id=42~hmac=8721a081a7a14f803005b3386d1239cfac6d3727e593b408b555b0fc91fb229e",284,華語流行;經典必聽;KTV必唱;跨年代金曲;R&B與節奏感;熱血青春;城市夜行;通勤歌單;聚會合唱,
花海,周杰倫,q1ww6bDjfiI,1624001317,https://audio-ssl.itunes.apple.com/itunes-assets/AudioPreview211/v4/1c/3a/eb/1c3aebf6-4a62-d5ea-c817-135d74a3a69c/mzaf_15367067968247495108.plus.aac.p.m4a,,,264,華語流行;經典必聽;KTV必唱;跨年代金曲;R&B與節奏感;失戀療傷;深夜EMO;熱血青春;城市夜行;通勤歌單;聚會合唱,
菊花台,周杰倫,PdjbRvvJAzg,536285266,https://audio-ssl.itunes.apple.com/itunes-assets/AudioPreview221/v4/20/15/16/2015168f-7021-f6b6-88d1-f8d02ba84725/mzaf_6852641384965058809.plus.aac.p.m4a,2602474062,"https://cdnt-preview.dzcdn.net/api/1/1/5/c/4/0/5c45a400e732f863d1dc17d37bc63425.mp3?hdnea=exp=1789845182~acl=/api/1/1/5/c/4/0/5c45a400e732f863d1dc17d37bc63425.mp3*~data=user_id=0,application_id=42~hmac=10374f3da6ca168d4cb275e43db24a203a5714b6ad30c688193bf2e02a64ec67",299,華語流行;經典必聽;KTV必唱;跨年代金曲;R&B與節奏感;熱血青春;城市夜行;通勤歌單;聚會合唱,
蒲公英的約定,周杰倫,VitJnr3IySc,536030697,https://audio-ssl.itunes.apple.com/itunes-assets/AudioPreview221/v4/e1/e9/94/e1e9945c-e0a8-d7fc-9b85-843cf785cecb/mzaf_5426248604184303369.plus.aac.p.m4a,2602474042,"https://cdnt-preview.dzcdn.net/api/1/1/6/4/8/0/64880433d511e1dd9155bdff2c1b0e93.mp3?hdnea=exp=1789845185~acl=/api/1/1/6/4/8/0/64880433d511e1dd9155bdff2c1b0e93.mp3*~data=user_id=0,application_id=42~hmac=b1f5a53f5767d79355b09ede029baf6fea6ef6dd252abc6391567f3776a92597",246,華語流行;經典必聽;KTV必唱;跨年代金曲;R&B與節奏感;失戀療傷;深夜EMO;熱血青春;城市夜行;通勤歌單;聚會合唱,
藉口,周杰倫,KcK8WurGpEQ,535913725,https://audio-ssl.itunes.apple.com/itunes-assets/AudioPreview221/v4/96/61/7d/96617d98-ea9f-b394-84b9-ef4eff6efcea/mzaf_16798665358379239278.plus.aac.p.m4a,2602471482,"https://cdnt-preview.dzcdn.net/api/1/1/5/1/2/0/512d53e0e456571070d397ec3681fe76.mp3?hdnea=exp=1789845187~acl=/api/1/1/5/1/2/0/512d53e0e456571070d397ec3681fe76.mp3*~data=user_id=0,application_id=42~hmac=f2909f39812cd852d8d2396bafe254d0845b68a7bd452742eda9bb26835d0b75",270,華語流行;經典必聽;KTV必唱;跨年代金曲;R&B與節奏感;失戀療傷;深夜EMO;熱血青春;城市夜行;通勤歌單;聚會合唱,
蘭亭序,周杰倫,s5Xl5MXboas,1624001320,https://audio-ssl.itunes.apple.com/itunes-assets/AudioPreview221/v4/f3/3c/a7/f33ca73a-8d89-6b63-4130-fe5a8b2ed222/mzaf_5252536380931031480.plus.aac.p.m4a,2602482492,"https://cdnt-preview.dzcdn.net/api/1/1/9/8/0/0/98086f34b47e6197054fb75b079e759a.mp3?hdnea=exp=1789845189~acl=/api/1/1/9/8/0/0/98086f34b47e6197054fb75b079e759a.mp3*~data=user_id=0,application_id=42~hmac=b116beb3a372ccefb923d8f1cbc1fd90d4ec25d8d896f618d754f04e76a84688",252,華語流行;經典必聽;KTV必唱;跨年代金曲;R&B與節奏感;熱血青春;城市夜行;通勤歌單;聚會合唱,
說好的幸福呢,周杰倫,mLFhTFiX0uM,1624001319,https://audio-ssl.itunes.apple.com/itunes-assets/AudioPreview211/v4/80/f3/b9/80f3b9f7-4c57-5806-cd1e-599eedfbba7e/mzaf_16794607708915683607.plus.aac.p.m4a,2602483662,"https://cdnt-preview.dzcdn.net/api/1/1/e/d/2/0/ed29c762e60ced2836fbfe809abe3918.mp3?hdnea=exp=1789845191~acl=/api/1/1/e/d/2/0/ed29c762e60ced2836fbfe809abe3918.mp3*~data=user_id=0,application_id=42~hmac=70c11e457f706a0bb476b8d244c0ff120751736a6c4dc6bb37504e55a4035b53",257,華語流行;經典必聽;KTV必唱;跨年代金曲;R&B與節奏感;失戀療傷;深夜EMO;熱血青春;城市夜行;通勤歌單;聚會合唱,
誰稀罕,周杰倫,a7ziV-RjqBo,1887246593,https://audio-ssl.itunes.apple.com/itunes-assets/AudioPreview211/v4/50/50/ac/5050acfa-caa8-e1d3-ab2e-5748d7437aac/mzaf_6091084097433588825.plus.aac.p.m4a,,,263,華語流行;經典必聽;KTV必唱;跨年代金曲;R&B與節奏感;熱血青春;城市夜行;通勤歌單;聚會合唱,
退後,周杰倫,kNZ5P0AAlmg,536743628,https://audio-ssl.itunes.apple.com/itunes-assets/AudioPreview211/v4/b3/15/87/b315876c-b0f1-64ab-0539-366dc0c92079/mzaf_12946546972176099656.plus.aac.p.m4a,2602474012,"https://cdnt-preview.dzcdn.net/api/1/1/8/a/a/0/8aa52d8370a8a3dae3a061686916bb5c.mp3?hdnea=exp=1789845196~acl=/api/1/1/8/a/a/0/8aa52d8370a8a3dae3a061686916bb5c.mp3*~data=user_id=0,application_id=42~hmac=bc08fa3cbdccbc6052f8f20725d601cf0d3096e8ac5c6b52d5e7c89591988e32",303,華語流行;經典必聽;KTV必唱;跨年代金曲;R&B與節奏感;失戀療傷;深夜EMO;熱血青春;城市夜行;通勤歌單;聚會合唱,
那天下雨了,周杰倫,lNCQbx-y9V8,1887246591,https://audio-ssl.itunes.apple.com/itunes-assets/AudioPreview221/v4/7c/19/f8/7c19f82f-f181-6769-df31-bc89946996a0/mzaf_6720338736746095542.plus.aac.p.m4a,,,224,華語流行;經典必聽;KTV必唱;跨年代金曲;R&B與節奏感;失戀療傷;深夜EMO;熱血青春;城市夜行;通勤歌單;聚會合唱,
鄉間的路,周杰倫,XAhKFiPqGRQ,1624001324,https://audio-ssl.itunes.apple.com/itunes-assets/AudioPreview211/v4/af/d8/da/afd8daa7-b2aa-fb44-b4e0-258ad25187f5/mzaf_18323630198043973445.plus.aac.p.m4a,,,203,華語流行;經典必聽;KTV必唱;跨年代金曲;R&B與節奏感;熱血青春;城市夜行;通勤歌單;聚會合唱,
青花瓷,周杰倫,Z8Mqw0b9ADs,536030695,https://audio-ssl.itunes.apple.com/itunes-assets/AudioPreview211/v4/3a/15/ff/3a15ff0b-ee24-a863-db04-8a489be66397/mzaf_1259240667288251806.plus.aac.p.m4a,1745023937,"https://cdnt-preview.dzcdn.net/api/1/1/c/3/1/0/c313ad4d7f3ea92b60ad0081333fc5c6.mp3?hdnea=exp=1789845203~acl=/api/1/1/c/3/1/0/c313ad4d7f3ea92b60ad0081333fc5c6.mp3*~data=user_id=0,application_id=42~hmac=3102310ed3007a39dd91ff668574e3a69d4d139647c49907e5db3dcfb077f3e3",242,華語流行;經典必聽;KTV必唱;跨年代金曲;R&B與節奏感;熱血青春;城市夜行;通勤歌單;聚會合唱,
鬥牛,周杰倫,npiAxeLtHDM,535791113,https://audio-ssl.itunes.apple.com/itunes-assets/AudioPreview211/v4/ee/34/f1/ee34f169-b19d-ce57-dc0a-6d7e3e80d5e8/mzaf_10244626394494928815.plus.aac.p.m4a,2602475202,"https://cdnt-preview.dzcdn.net/api/1/1/3/8/b/0/38b0c57cd280c71bbfae45181829bc45.mp3?hdnea=exp=1789845205~acl=/api/1/1/3/8/b/0/38b0c57cd280c71bbfae45181829bc45.mp3*~data=user_id=0,application_id=42~hmac=d148946b2d0039907783947f53d263b8845e227ad104d50a1b8e0b445a7f9d68",290,R&B與節奏感,
黑色幽默,周杰倫,wRT-5heURhY,535791114,https://audio-ssl.itunes.apple.com/itunes-assets/AudioPreview221/v4/2c/9f/9f/2c9f9fd0-d331-c8d4-5aa2-f39928a02ed1/mzaf_5432668556852856877.plus.aac.p.m4a,2602484322,"https://cdnt-preview.dzcdn.net/api/1/1/1/8/8/0/188df8ac92449d2e76c7bff02f27d114.mp3?hdnea=exp=1789845207~acl=/api/1/1/1/8/8/0/188df8ac92449d2e76c7bff02f27d114.mp3*~data=user_id=0,application_id=42~hmac=44cf30bab21f8d8acddc7768ea2ea1cde4c96a8e38ece2ad8277d8dfb30d9347",285,華語流行;深夜EMO,
龍捲風,周杰倫,QMqizmScJfI,1485210499,https://audio-ssl.itunes.apple.com/itunes-assets/AudioPreview211/v4/10/6f/35/106f35d7-2685-51ee-d96a-b019c68af264/mzaf_3692184250453016340.plus.aac.p.m4a,2602471412,"https://cdnt-preview.dzcdn.net/api/1/1/7/6/c/0/76ce3b1b7697d58f50c74865aa55ff4e.mp3?hdnea=exp=1789845210~acl=/api/1/1/7/6/c/0/76ce3b1b7697d58f50c74865aa55ff4e.mp3*~data=user_id=0,application_id=42~hmac=698625ebc67eec1b348801b04c38f73eb1e9b0e657f3819fe0a7ff03e87bb840",254,華語流行;經典必聽;KTV必唱;跨年代金曲;R&B與節奏感;熱血青春;城市夜行;通勤歌單;聚會合唱,（請自行填入歌詞供 LYRIC_LINE 模式使用，避免著作權疑慮，此處不預先填入）
帥到分手,周湯豪,29tEEaTN_Sc,1165343640,https://audio-ssl.itunes.apple.com/itunes-assets/AudioPreview221/v4/e7/22/4e/e7224e01-607a-b2e0-24ec-43d5ab5905c9/mzaf_9657217436921027245.plus.aac.p.m4a,,,228,華語流行;KTV必唱,
愛上你算我賤,周湯豪,8urFHH4lPUg,1608838922,https://audio-ssl.itunes.apple.com/itunes-assets/AudioPreview126/v4/cc/3b/5e/cc3b5ed9-9bae-1b84-6adf-7fe30daacafa/mzaf_789607794673579706.plus.aac.p.m4a,1607328912,"https://cdnt-preview.dzcdn.net/api/1/1/9/a/3/0/9a3f415122f26fb3573f9fff210e0052.mp3?hdnea=exp=1789845214~acl=/api/1/1/9/a/3/0/9a3f415122f26fb3573f9fff210e0052.mp3*~data=user_id=0,application_id=42~hmac=9e85d681f73879b3d13def1936520f7df2882af59e3417c979ee935abec6076e",257,KTV必唱;華語流行,
罵醒我,周湯豪,Eo6SvGV6XKA,1826508708,https://audio-ssl.itunes.apple.com/itunes-assets/AudioPreview211/v4/86/7b/6f/867b6f15-251d-bc47-6771-1ca9533e3465/mzaf_12101612326502828041.plus.aac.p.m4a,3458678781,"https://cdnt-preview.dzcdn.net/api/1/1/4/d/5/0/4d55d0dce1de0445ca3315d0bafca726.mp3?hdnea=exp=1789845217~acl=/api/1/1/4/d/5/0/4d55d0dce1de0445ca3315d0bafca726.mp3*~data=user_id=0,application_id=42~hmac=01183c76159eef94c7ce7ed50946a9c40e12ab1c66ec7496b91668414243480c",240,華語流行,
愛如潮水,張信哲,dsGVDCSeErg,431827867,https://audio-ssl.itunes.apple.com/itunes-assets/AudioPreview221/v4/8a/02/f5/8a02f59d-4e94-536c-3d1e-20adab97bce2/mzaf_8343421659762866886.plus.aac.p.m4a,13256255,"https://cdnt-preview.dzcdn.net/api/1/1/b/1/1/0/b118d395ca23f037043c36ff48b2f7a0.mp3?hdnea=exp=1789845219~acl=/api/1/1/b/1/1/0/b118d395ca23f037043c36ff48b2f7a0.mp3*~data=user_id=0,application_id=42~hmac=5e72a638edba7003c80e77ffeff71bf7ec8e2301f9d7972feac64c9f4d1ef4ed",274,華語流行;經典必聽;KTV必唱;跨年代金曲;告白甜歌;聚會合唱,
吻別,張學友,bZn1Pb2Ei64,1443431915,https://audio-ssl.itunes.apple.com/itunes-assets/AudioPreview211/v4/12/db/ce/12dbce07-47bc-dc49-05d7-eab7e057af57/mzaf_3837636671161943771.plus.aac.p.m4a,2540194,"https://cdnt-preview.dzcdn.net/api/1/1/f/9/d/0/f9de5256390a193ae13fcd809cbf52c7.mp3?hdnea=exp=1789845221~acl=/api/1/1/f/9/d/0/f9de5256390a193ae13fcd809cbf52c7.mp3*~data=user_id=0,application_id=42~hmac=40d9ff703b8724ddf83417f4489d6d79959391897ac1eb1825bd39b8d22f99ed",307,華語流行;經典必聽;KTV必唱;跨年代金曲;深夜EMO;聚會合唱,
如果這都不算愛,張學友,0dOL2MLIbFU,1442726227,https://audio-ssl.itunes.apple.com/itunes-assets/AudioPreview221/v4/bb/75/e3/bb75e398-2845-cc97-92c5-8c13495ee87c/mzaf_10068219156208067005.plus.aac.p.m4a,24270231,"https://cdnt-preview.dzcdn.net/api/1/1/7/4/c/0/74cebd2d9bb17baa35d2323f2393ad44.mp3?hdnea=exp=1789845223~acl=/api/1/1/7/4/c/0/74cebd2d9bb17baa35d2323f2393ad44.mp3*~data=user_id=0,application_id=42~hmac=99813e4d07c7ec69bcb87c9e76ea1157c3790b3100d0e403ba1e6f1bf88e58b0",216,華語流行;經典必聽;KTV必唱;跨年代金曲;告白甜歌;深夜EMO;聚會合唱,
Colt.45,彈殼,2MFEhEgTmn0,1664646194,https://audio-ssl.itunes.apple.com/itunes-assets/AudioPreview221/v4/40/72/e2/4072e203-6023-ce48-8981-bd7d7f707642/mzaf_1842987573347631517.plus.aac.p.m4a,4064657301,"https://cdnt-preview.dzcdn.net/api/1/1/8/e/e/0/8ee25ab3d757757cd7a02390e3e0dfad.mp3?hdnea=exp=1789845226~acl=/api/1/1/8/e/e/0/8ee25ab3d757757cd7a02390e3e0dfad.mp3*~data=user_id=0,application_id=42~hmac=896f0f815c8f8f96788c21b5d0c81ee9fdc5fdaae38b7f2b325f7d6fe4d99978",180,說唱饒舌,
背叛,曹格,xHsSWiLsIRY,218877967,https://audio-ssl.itunes.apple.com/itunes-assets/AudioPreview221/v4/b4/ca/03/b4ca0328-9b56-c402-ec91-85708cb52a0a/mzaf_16216393181521739879.plus.aac.p.m4a,2356726765,"https://cdnt-preview.dzcdn.net/api/1/1/1/2/8/0/12808d0f176cf8b2d5de7673ec7dcecc.mp3?hdnea=exp=1789845229~acl=/api/1/1/1/2/8/0/12808d0f176cf8b2d5de7673ec7dcecc.mp3*~data=user_id=0,application_id=42~hmac=1ea42ed0c57736e05ed5226a50c75222e8965e62a4e69102deedba268b218508",318,KTV必唱;失戀療傷;華語流行,
梁山伯與茱麗葉,曹格&卓文萱,0NuKS4gK0Lw,560999719,https://audio-ssl.itunes.apple.com/itunes-assets/AudioPreview221/v4/3b/d9/92/3bd992c7-253e-c52d-7659-f353fe6812c7/mzaf_12714921036906268253.plus.aac.p.m4a,,,239,KTV必唱;告白甜歌;華語流行,
顏如玉,李大奔,4qUpK0K8Jh8,1809368244,https://audio-ssl.itunes.apple.com/itunes-assets/AudioPreview211/v4/25/8e/2d/258e2d5b-6c62-4788-4596-a347da405f8d/mzaf_15166128923185456402.plus.aac.p.m4a,3330417531,"https://cdnt-preview.dzcdn.net/api/1/1/a/e/1/0/ae121efbff8e794940db61454ee339eb.mp3?hdnea=exp=1789845233~acl=/api/1/1/a/e/1/0/ae121efbff8e794940db61454ee339eb.mp3*~data=user_id=0,application_id=42~hmac=6ba88345ab0147ff491a23b4ac33819d5006bcd061b99b0a1c15ff32a5036bc1",171,說唱饒舌,
你們要快樂,李聖傑,mrWDNfEQxB8,1648090895,https://audio-ssl.itunes.apple.com/itunes-assets/AudioPreview211/v4/e3/a8/16/e3a816b2-10ef-7861-617f-cb65151019ae/mzaf_1055748856591814957.plus.aac.p.m4a,1834727267,"https://cdnt-preview.dzcdn.net/api/1/1/b/1/c/0/b1c7126cbbb56fce1a41daf69ad84cd1.mp3?hdnea=exp=1789845235~acl=/api/1/1/b/1/c/0/b1c7126cbbb56fce1a41daf69ad84cd1.mp3*~data=user_id=0,application_id=42~hmac=e90855cc3da8dc4eaba7badd0e278ae6cc2197754308936e343680c4bc9e1fd0",270,華語流行;經典必聽;KTV必唱;跨年代金曲;失戀療傷;深夜EMO;通勤歌單;聚會合唱,
我懂了她,李聖傑,XFa9Yf3jQQY,1648090903,https://audio-ssl.itunes.apple.com/itunes-assets/AudioPreview221/v4/63/bc/61/63bc61cf-8b14-0017-3427-409fb7366bce/mzaf_15792679762070821989.plus.aac.p.m4a,,,258,華語流行;經典必聽;KTV必唱;跨年代金曲;失戀療傷;深夜EMO;通勤歌單;聚會合唱,
手放開,李聖傑,nuDRdDZHuH8,1648090883,https://audio-ssl.itunes.apple.com/itunes-assets/AudioPreview221/v4/62/1c/ab/621cabbc-cf32-5f78-56af-445be4b6b305/mzaf_3923528862742566941.plus.aac.p.m4a,1834727277,"https://cdnt-preview.dzcdn.net/api/1/1/a/3/5/0/a3555a9f95e5d53e3b6bfce4226161b7.mp3?hdnea=exp=1789845240~acl=/api/1/1/a/3/5/0/a3555a9f95e5d53e3b6bfce4226161b7.mp3*~data=user_id=0,application_id=42~hmac=c63b7cde7933fa40302a5c1398515516ab7e13b18e849cc75cd23bb3d582f4be",264,華語流行;經典必聽;KTV必唱;跨年代金曲;失戀療傷;深夜EMO;通勤歌單;聚會合唱,
最近,李聖傑,azOIvILpIW8,1635352859,https://audio-ssl.itunes.apple.com/itunes-assets/AudioPreview221/v4/e4/22/af/e422af74-65ba-a407-9956-57123a8aa67f/mzaf_4032685887249621862.plus.aac.p.m4a,1834727187,"https://cdnt-preview.dzcdn.net/api/1/1/5/8/e/0/58e8e8ebf08d2a96cfae5acc151d058c.mp3?hdnea=exp=1789845242~acl=/api/1/1/5/8/e/0/58e8e8ebf08d2a96cfae5acc151d058c.mp3*~data=user_id=0,application_id=42~hmac=5f553bc578a2f2f8d0b21f456f0cd5b54d131a3cf86486892cd7c54b8f8ee7b5",244,華語流行;經典必聽;KTV必唱;跨年代金曲;R&B與節奏感;失戀療傷;深夜EMO;通勤歌單;聚會合唱,
痴心絕對,李聖傑,7NIsBeVRAgk,1530519464,https://audio-ssl.itunes.apple.com/itunes-assets/AudioPreview221/v4/4f/bb/74/4fbb7456-936d-36a0-046d-1c9f85be9e44/mzaf_812826917923864856.plus.aac.p.m4a,4164431962,"https://cdnt-preview.dzcdn.net/api/1/1/b/7/6/0/b768acced9136f0c3dbded85dd2928b9.mp3?hdnea=exp=1789845245~acl=/api/1/1/b/7/6/0/b768acced9136f0c3dbded85dd2928b9.mp3*~data=user_id=0,application_id=42~hmac=f92089b23000e2789f7024f280110deac57bd92d1f7f2132efb2a067cf6c361a",257,華語流行;經典必聽;KTV必唱;跨年代金曲;失戀療傷;深夜EMO;通勤歌單;聚會合唱,
眼底星空,李聖傑,Ty2T8aiyNBc,1635352872,https://audio-ssl.itunes.apple.com/itunes-assets/AudioPreview211/v4/19/2d/31/192d31b0-93b7-4c3c-daeb-3aa85c4513fe/mzaf_692155654422137969.plus.aac.p.m4a,4164431952,"https://cdnt-preview.dzcdn.net/api/1/1/6/0/4/0/6042df5239187e548aa8a257a723f3b2.mp3?hdnea=exp=1789845247~acl=/api/1/1/6/0/4/0/6042df5239187e548aa8a257a723f3b2.mp3*~data=user_id=0,application_id=42~hmac=f3011e0be57c33a860513e0f8c9d98d05380f3fde0d360b77c36eab665e6d5a6",266,華語流行;經典必聽;KTV必唱;跨年代金曲;R&B與節奏感;失戀療傷;深夜EMO;通勤歌單;聚會合唱,
遠走高飛,李聖傑,AxriUC2n2fg,1648090885,https://audio-ssl.itunes.apple.com/itunes-assets/AudioPreview211/v4/3c/39/64/3c3964ac-a607-4442-1ca7-a3203b999f8f/mzaf_2161578715353660896.plus.aac.p.m4a,4164431972,"https://cdnt-preview.dzcdn.net/api/1/1/c/1/b/0/c1bb8c86a7ef72900ca503dc798cdd27.mp3?hdnea=exp=1789845249~acl=/api/1/1/c/1/b/0/c1bb8c86a7ef72900ca503dc798cdd27.mp3*~data=user_id=0,application_id=42~hmac=7287bf14edba2c94fb9b284988e6dcd6352149a6bae966910f22a8fa7e8d3584",270,華語流行;經典必聽;KTV必唱;跨年代金曲;失戀療傷;深夜EMO;通勤歌單;聚會合唱,
關於妳的歌,李聖傑,q-kU3Um3_wc,178891815,https://audio-ssl.itunes.apple.com/itunes-assets/AudioPreview211/v4/5c/ad/43/5cad4348-66c1-3bd1-ca3f-c23a18163772/mzaf_16317696699474377839.plus.aac.p.m4a,,,246,華語流行;經典必聽;KTV必唱;跨年代金曲;失戀療傷;深夜EMO;通勤歌單;聚會合唱,
修煉愛情,林俊傑,BRir0qs538Q,1694849138,https://audio-ssl.itunes.apple.com/itunes-assets/AudioPreview221/v4/2c/27/bd/2c27bdb9-cfed-0c51-33c7-c92b1bfd4f87/mzaf_14472512472316297311.plus.aac.p.m4a,,,258,華語流行;經典必聽;KTV必唱;跨年代金曲;R&B與節奏感;告白甜歌;熱血青春;城市夜行;通勤歌單;聚會合唱,（請自行填入歌詞供 LYRIC_LINE 模式使用，避免著作權疑慮，此處不預先填入）
她說,林俊傑,2YKd5uG-v_o,1071506929,https://audio-ssl.itunes.apple.com/itunes-assets/AudioPreview211/v4/5a/d9/b5/5ad9b59a-d760-afb6-71d4-6e9614dbd18b/mzaf_2961581987529700790.plus.aac.p.m4a,138368677,"https://cdnt-preview.dzcdn.net/api/1/1/8/f/3/0/8f3e2304722fd7c484b8ee16fc8e7e07.mp3?hdnea=exp=1789845256~acl=/api/1/1/8/f/3/0/8f3e2304722fd7c484b8ee16fc8e7e07.mp3*~data=user_id=0,application_id=42~hmac=d2c48453ab091e973ca2d0bc19f073f7473231a376e7b4f0322e5dad568023f7",240,華語流行;經典必聽;KTV必唱;跨年代金曲;R&B與節奏感;失戀療傷;深夜EMO;熱血青春;城市夜行;通勤歌單;聚會合唱,（請自行填入歌詞供 LYRIC_LINE 模式使用，避免著作權疑慮，此處不預先填入）
小酒窩,林俊傑,6axxQqjRzkE,1073050182,https://audio-ssl.itunes.apple.com/itunes-assets/AudioPreview221/v4/55/17/8d/55178d90-c168-ef61-c195-4ce3b56ea1af/mzaf_16279702411600496318.plus.aac.p.m4a,136627732,"https://cdnt-preview.dzcdn.net/api/1/1/2/9/6/0/2962ce6a1a20ccf62a112ed05f4b7fd0.mp3?hdnea=exp=1789845258~acl=/api/1/1/2/9/6/0/2962ce6a1a20ccf62a112ed05f4b7fd0.mp3*~data=user_id=0,application_id=42~hmac=ac41ef89be117b2dadac4724ef3d18cae70e2485caf2c089a4c19e42c6ac6a52",201,華語流行;經典必聽;KTV必唱;跨年代金曲;R&B與節奏感;告白甜歌;熱血青春;城市夜行;通勤歌單;聚會合唱,
曹操,林俊傑,3J_bkgexrE8,1071513021,https://audio-ssl.itunes.apple.com/itunes-assets/AudioPreview211/v4/2c/57/eb/2c57eb2f-06a5-bd8d-fe2b-0d381e791554/mzaf_2577685219624582476.plus.aac.p.m4a,138368749,"https://cdnt-preview.dzcdn.net/api/1/1/9/0/7/0/9076cce6a5574fc07866041881c7a472.mp3?hdnea=exp=1789845261~acl=/api/1/1/9/0/7/0/9076cce6a5574fc07866041881c7a472.mp3*~data=user_id=0,application_id=42~hmac=b1b94037a73d76c38c15b0e646df4f233b6b1a997dcc0d2f0c3a40122bcbb363",188,華語流行;經典必聽;KTV必唱;跨年代金曲;R&B與節奏感;熱血青春;城市夜行;通勤歌單;聚會合唱,
江南,林俊傑,QUNcX9Z3Mqo,1073049129,https://audio-ssl.itunes.apple.com/itunes-assets/AudioPreview211/v4/69/cd/d1/69cdd15b-a126-c8e6-907e-71818aa3602d/mzaf_7511039411341655106.plus.aac.p.m4a,4079385521,"https://cdnt-preview.dzcdn.net/api/1/1/5/3/0/0/53021b826377500b56327c11bf4c7fc2.mp3?hdnea=exp=1789845263~acl=/api/1/1/5/3/0/0/53021b826377500b56327c11bf4c7fc2.mp3*~data=user_id=0,application_id=42~hmac=19e37e585bbd595e5f49c9631179191c9cdb1897dab2fe81ad37df873f023266",236,華語流行;經典必聽;KTV必唱;跨年代金曲;R&B與節奏感;熱血青春;城市夜行;通勤歌單;聚會合唱,（請自行填入歌詞供 LYRIC_LINE 模式使用，避免著作權疑慮，此處不預先填入）
黑夜問白天,林俊傑,nYvd6ZZCs7Y,1314121443,https://audio-ssl.itunes.apple.com/itunes-assets/AudioPreview221/v4/23/d6/dc/23d6dcd3-6365-9dda-21ab-1f5eef76fbff/mzaf_5755752331750298125.plus.aac.p.m4a,442777212,"https://cdnt-preview.dzcdn.net/api/1/1/8/e/9/0/8e9f910f45fb7c8c1a2944995681312e.mp3?hdnea=exp=1789845265~acl=/api/1/1/8/e/9/0/8e9f910f45fb7c8c1a2944995681312e.mp3*~data=user_id=0,application_id=42~hmac=a2ab73a7fbcada8f5714fe59494988140d1eccd2f7b448232bdb649fa148f625",290,經典必聽;華語流行;KTV必唱,
傷痕,林憶蓮,DPC23mD4wT8,380075157,https://audio-ssl.itunes.apple.com/itunes-assets/AudioPreview211/v4/2b/5f/a3/2b5fa34f-76d3-df91-64a2-1033225f1751/mzaf_9749519863898671774.plus.aac.p.m4a,,,369,華語流行;經典必聽;KTV必唱;跨年代金曲;失戀療傷;深夜EMO,
至少還有你,林憶蓮,epLIcbgwO4c,905222894,https://audio-ssl.itunes.apple.com/itunes-assets/AudioPreview221/v4/d1/7a/3c/d17a3c98-ce56-0723-373d-6b22a38b1b00/mzaf_11862567678911520083.plus.aac.p.m4a,1591370302,"https://cdnt-preview.dzcdn.net/api/1/1/6/4/4/0/644be75c4c8d89b31adb5904826efbba.mp3?hdnea=exp=1789845270~acl=/api/1/1/6/4/4/0/644be75c4c8d89b31adb5904826efbba.mp3*~data=user_id=0,application_id=42~hmac=50313541fe24996d62bb29e914c6dbc933a50e892249d78264464e31179d7495",271,華語流行;經典必聽;KTV必唱;跨年代金曲;深夜EMO,
離開我的依賴,王艷薇,UbhiNvrPNa8,1794042592,https://audio-ssl.itunes.apple.com/itunes-assets/AudioPreview211/v4/24/f6/13/24f61345-0b50-56ff-c661-90bce0ab5f3c/mzaf_8202464771944767619.plus.aac.p.m4a,3179795191,"https://cdnt-preview.dzcdn.net/api/1/1/d/d/7/0/dd7b6c2d44cacbe2f6725fedb33959b9.mp3?hdnea=exp=1789845272~acl=/api/1/1/d/d/7/0/dd7b6c2d44cacbe2f6725fedb33959b9.mp3*~data=user_id=0,application_id=42~hmac=db9ce54b92e04ac84ce0d3875b73b572e21b31382e85409ee35e51ea8951cd46",234,華語流行;KTV必唱;深夜EMO,
紅豆,王菲,5wmfXve11rM,965771855,https://audio-ssl.itunes.apple.com/itunes-assets/AudioPreview221/v4/4d/cb/26/4dcb2622-1524-f937-05de-6baad0412d15/mzaf_8182413927380279026.plus.aac.p.m4a,,,260,華語流行;經典必聽;KTV必唱;跨年代金曲;R&B與節奏感;告白甜歌;深夜EMO,
夜郎溪,王齊銘,Ix7ESbH3tP8,1823590030,https://audio-ssl.itunes.apple.com/itunes-assets/AudioPreview211/v4/0a/4f/8c/0a4f8c30-684f-c63d-31ac-402a30532819/mzaf_4711738203584102074.plus.aac.p.m4a,2631581562,"https://cdnt-preview.dzcdn.net/api/1/1/b/f/5/0/bf5b66a9168def2b0f6062ac7843b487.mp3?hdnea=exp=1789845277~acl=/api/1/1/b/f/5/0/bf5b66a9168def2b0f6062ac7843b487.mp3*~data=user_id=0,application_id=42~hmac=d29a85a472ff25bea2a8c73c500fd7fac73e51426f9bb21064210e7ffd5a384d",201,說唱饒舌,
有的人,王齊銘,ovag5WIrGNQ,1832688916,https://audio-ssl.itunes.apple.com/itunes-assets/AudioPreview221/v4/0c/ad/59/0cad59bb-2e2b-2ccc-33fd-f7731a976518/mzaf_12719168693610558734.plus.aac.p.m4a,2631581582,"https://cdnt-preview.dzcdn.net/api/1/1/5/1/7/0/51714091585044ffa77d24fedb8e573d.mp3?hdnea=exp=1789845279~acl=/api/1/1/5/1/7/0/51714091585044ffa77d24fedb8e573d.mp3*~data=user_id=0,application_id=42~hmac=ed9da7159d7d031ac794898a33d07d30968c061ef0c307a75dbcd91902e12350",187,說唱饒舌,
寂寞寂寞就好,田馥甄,DyFIzKYQQYE,546243295,https://audio-ssl.itunes.apple.com/itunes-assets/AudioPreview115/v4/3f/5c/bf/3f5cbf80-cf7d-47bd-ca4f-f733dbe7eb6e/mzaf_11186607586721731408.plus.aac.p.m4a,72259022,"https://cdnt-preview.dzcdn.net/api/1/1/a/a/6/0/aa6aec26aad3e54972060907e6e9c1c5.mp3?hdnea=exp=1789845281~acl=/api/1/1/a/a/6/0/aa6aec26aad3e54972060907e6e9c1c5.mp3*~data=user_id=0,application_id=42~hmac=d2e5aced64b2f7ef7e0b96c71f11b5778b267aba2cf04730eb622d8f5bed0587",280,華語流行;失戀療傷;深夜EMO,
CHANGE,瘦子E.SO,HTRQ0n4yjfs,1521809942,https://audio-ssl.itunes.apple.com/itunes-assets/AudioPreview211/v4/f6/e5/1b/f6e51b43-727f-bd1d-05a6-af68f9e6ea2f/mzaf_17179237622878161942.plus.aac.p.m4a,,,161,華語流行;說唱饒舌;R&B與節奏感;深夜EMO;熱血青春;城市夜行;通勤歌單,
Don't Worry About Me,瘦子E.SO,C4M7_jQe4RA,1687909779,https://audio-ssl.itunes.apple.com/itunes-assets/AudioPreview126/v4/d5/9a/dc/d59adc66-b792-f9e7-f24a-fa5f701be754/mzaf_6937621715377038064.plus.aac.p.m4a,,,191,華語流行;說唱饒舌;R&B與節奏感;深夜EMO;熱血青春;城市夜行;通勤歌單,
太陽,瘦子E.SO,GfcbOdIFWPE,1513859373,https://audio-ssl.itunes.apple.com/itunes-assets/AudioPreview221/v4/df/91/42/df91427d-007a-512b-6521-97e0485213e0/mzaf_10215666885495110096.plus.aac.p.m4a,,,213,華語流行;說唱饒舌;R&B與節奏感;深夜EMO;熱血青春;城市夜行;通勤歌單,
妹妹,瘦子E.SO,Df9lbCJNhGU,1834198936,https://audio-ssl.itunes.apple.com/itunes-assets/AudioPreview221/v4/d6/1f/99/d61f990b-429f-008b-21e6-7d0894592288/mzaf_15944078188234575268.plus.aac.p.m4a,,,171,華語流行;說唱饒舌;R&B與節奏感;深夜EMO;熱血青春;城市夜行;通勤歌單,
幾分之幾,盧廣仲,HQ_mU73VhEQ,1342141668,https://audio-ssl.itunes.apple.com/itunes-assets/AudioPreview221/v4/90/ff/4c/90ff4ce2-fec8-f28b-cffc-64a9b483b24f/mzaf_17367706297350017430.plus.aac.p.m4a,1415589092,"https://cdnt-preview.dzcdn.net/api/1/1/1/3/3/0/13315f7afbc289a2c78e9e83b50f059a.mp3?hdnea=exp=1789845293~acl=/api/1/1/1/3/3/0/13315f7afbc289a2c78e9e83b50f059a.mp3*~data=user_id=0,application_id=42~hmac=c7806d7b52d2ad8da6c1401ccd60b7a6bfe190ef8d188b4c3aea6cf4299a43f6",231,KTV必唱;華語流行,
魚仔,盧廣仲,ybfWYpYhTQQ,1238558518,https://audio-ssl.itunes.apple.com/itunes-assets/AudioPreview221/v4/85/62/8b/85628b54-5205-2546-7c6a-04e057e91e0f/mzaf_1810756128646768767.plus.aac.p.m4a,1411622662,"https://cdnt-preview.dzcdn.net/api/1/1/4/5/c/0/45c7ff9a42544d60b5e93dce929ccfc7.mp3?hdnea=exp=1789845295~acl=/api/1/1/4/5/c/0/45c7ff9a42544d60b5e93dce929ccfc7.mp3*~data=user_id=0,application_id=42~hmac=cb22c1673b23c6e052a2e1d4e914d3f7b62942ad6744b50a1b6b9970fef04146",281,KTV必唱;華語流行,
心悶,美秀集團,SAVzKy1S_po,1602224037,https://audio-ssl.itunes.apple.com/itunes-assets/AudioPreview221/v4/4e/de/ac/4edeacfe-45fa-7383-813e-b960fab041ed/mzaf_1991775334001716782.plus.aac.p.m4a,1603309632,"https://cdnt-preview.dzcdn.net/api/1/1/d/9/8/0/d9823120a5f2ef64e36494e771516b9e.mp3?hdnea=exp=1789845297~acl=/api/1/1/d/9/8/0/d9823120a5f2ef64e36494e771516b9e.mp3*~data=user_id=0,application_id=42~hmac=9d9abfb01451396e437d1d9f46bb3f60984665e6beb562641e284a0566ef0c37",245,聽團歌;KTV必唱,
愛情的大壞蛋,美秀集團,mRma6NkHwWU,1770003012,https://audio-ssl.itunes.apple.com/itunes-assets/AudioPreview221/v4/e8/50/69/e8506980-f49c-f54b-f4d3-b36fe1e3de9a/mzaf_16997369965831067398.plus.aac.p.m4a,3016960881,"https://cdnt-preview.dzcdn.net/api/1/1/a/d/5/0/ad566d015a092b731a016a50382cb1fe.mp3?hdnea=exp=1789845300~acl=/api/1/1/a/d/5/0/ad566d015a092b731a016a50382cb1fe.mp3*~data=user_id=0,application_id=42~hmac=b93fb6db17a8028000480263eb4d80f2f7094f34a509ba7cd9968d610c9ab011",253,聽團歌;KTV必唱,
捲煙,美秀集團,Hw06iZa8KhQ,1723794893,https://audio-ssl.itunes.apple.com/itunes-assets/AudioPreview116/v4/03/57/a5/0357a58e-de69-a3f0-e97c-e677c4e6c08f/mzaf_10821479466642990263.plus.aac.p.m4a,447903902,"https://cdnt-preview.dzcdn.net/api/1/1/c/1/9/0/c190fb6040f34f3f0314d3721eff573e.mp3?hdnea=exp=1789845302~acl=/api/1/1/c/1/9/0/c190fb6040f34f3f0314d3721eff573e.mp3*~data=user_id=0,application_id=42~hmac=ea63aed0eba2086bfd24745ff01fa803d0af507c9220aaf4be62c759966f3cc5",233,KTV必唱;華語流行,
不愛就不愛,艾薇,uAkIsO1HE74,1806088704,https://audio-ssl.itunes.apple.com/itunes-assets/AudioPreview211/v4/fc/d7/e6/fcd7e6e6-b204-ce57-49fb-84d5e80b3dcb/mzaf_3854676708584411248.plus.aac.p.m4a,3065270051,"https://cdnt-preview.dzcdn.net/api/1/1/a/b/7/0/ab76432353a79b934d68100d41878094.mp3?hdnea=exp=1789845304~acl=/api/1/1/a/b/7/0/ab76432353a79b934d68100d41878094.mp3*~data=user_id=0,application_id=42~hmac=ee3492f3240b5ad77d2c20f7091caca03411afff9a409a16b38dfa5717882fa0",198,KTV必唱;華語流行,
大風吹,草東沒有派對,HqmpIQ9l-uA,1676735991,https://audio-ssl.itunes.apple.com/itunes-assets/AudioPreview221/v4/f6/53/85/f653858a-bdde-530e-45a0-65b3a06c624c/mzaf_3129731264778222002.plus.aac.p.m4a,2186828897,"https://cdnt-preview.dzcdn.net/api/1/1/0/9/3/0/093824e0b4766cf4e302e955afa943f0.mp3?hdnea=exp=1789845306~acl=/api/1/1/0/9/3/0/093824e0b4766cf4e302e955afa943f0.mp3*~data=user_id=0,application_id=42~hmac=d88bae72bdd00b70993858f8b6370fd78a24986c3fd5353f250a21eea82c5c93",248,聽團歌,
山海,草東沒有派對,j2311FZWoFQ,1676736010,https://audio-ssl.itunes.apple.com/itunes-assets/AudioPreview221/v4/16/9e/e9/169ee99b-d2ca-0462-7250-edf268bcfd83/mzaf_13073505743442628318.plus.aac.p.m4a,2186828947,"https://cdnt-preview.dzcdn.net/api/1/1/6/a/2/0/6a23e7393e4d9ff1c4c87870484d8e05.mp3?hdnea=exp=1789845309~acl=/api/1/1/6/a/2/0/6a23e7393e4d9ff1c4c87870484d8e05.mp3*~data=user_id=0,application_id=42~hmac=c4ec74e72a11806afcdeca800dfc9a01d9ee4881955ffba632d84be40ba06689",311,聽團歌,
日不落,蔡依林,qiIBo1teoq0,1725226209,https://audio-ssl.itunes.apple.com/itunes-assets/AudioPreview211/v4/28/38/62/283862bd-bf93-1865-2aec-172c1ac0ac4b/mzaf_3144956199985617812.plus.aac.p.m4a,,,222,華語流行;經典必聽;跨年代金曲;R&B與節奏感;熱血青春;通勤歌單;聚會合唱,（請自行填入歌詞供 LYRIC_LINE 模式使用，避免著作權疑慮，此處不預先填入）
演員,薛之謙,2SYLFTqz9U0,1787929825,https://audio-ssl.itunes.apple.com/itunes-assets/AudioPreview211/v4/20/89/9a/20899ad4-c5b2-9f6b-62e6-ad0bad168903/mzaf_17468420128970448782.plus.aac.p.m4a,135108962,"https://cdnt-preview.dzcdn.net/api/1/1/6/f/f/0/6ffe6d119ac26054a2dfd492e09cac04.mp3?hdnea=exp=1789845313~acl=/api/1/1/6/f/f/0/6ffe6d119ac26054a2dfd492e09cac04.mp3*~data=user_id=0,application_id=42~hmac=38130932e859cbce69e6ca5b1faa4e6e8daa3dba18b71e223d492fbe2fa6955c",261,經典必聽;KTV必唱;華語流行,
我好想你,蘇打綠,Zs8TRQ4PTYk,1777357772,https://audio-ssl.itunes.apple.com/itunes-assets/AudioPreview211/v4/ac/69/b9/ac69b9fb-ef7f-7fd2-3cd5-45a11b3c7a1f/mzaf_3449132938263762750.plus.aac.p.m4a,758940632,"https://cdnt-preview.dzcdn.net/api/1/1/6/3/c/0/63c1d6ad7450e74c0e165f98695a4477.mp3?hdnea=exp=1789845316~acl=/api/1/1/6/3/c/0/63c1d6ad7450e74c0e165f98695a4477.mp3*~data=user_id=0,application_id=42~hmac=7f162e961f36a3af50b520c4d97fa348ddb2b8532ebeab88970369f6cba4fd39",330,華語流行;聽團歌;告白甜歌;熱血青春;城市夜行;通勤歌單;聚會合唱,
我是一隻小小鳥,趙傳,oGV1WHEu9g4,887436305,https://audio-ssl.itunes.apple.com/itunes-assets/AudioPreview221/v4/d5/44/dc/d544dc7f-ba38-b921-8fc3-c0083aaf8481/mzaf_12003691356630948433.plus.aac.p.m4a,79573788,"https://cdnt-preview.dzcdn.net/api/1/1/4/6/e/0/46ed89219d903a1301a5dfeb3befd613.mp3?hdnea=exp=1789845318~acl=/api/1/1/4/6/e/0/46ed89219d903a1301a5dfeb3befd613.mp3*~data=user_id=0,application_id=42~hmac=8abb965383571962e6d45caf21e6071bc08901005940753d202df5882b5b5f1f",277,華語流行;經典必聽;KTV必唱;跨年代金曲,
沙漠中的雪人,趙翊帆,O_xmkgBJpKM,1671990596,https://audio-ssl.itunes.apple.com/itunes-assets/AudioPreview116/v4/2e/fb/b2/2efbb26e-daa2-6438-af46-ec473dec1ad5/mzaf_1512445443142344808.plus.aac.p.m4a,,,213,說唱饒舌;KTV必唱,
紫花海,趙翊帆,3_6t3B08ulA,1755669699,https://audio-ssl.itunes.apple.com/itunes-assets/AudioPreview211/v4/24/ac/35/24ac359b-85cd-9e48-598d-20951416f230/mzaf_4662295890565065747.plus.aac.p.m4a,2885814892,"https://cdnt-preview.dzcdn.net/api/1/1/9/b/9/0/9b9cae97a4d038f944acda5384a2e3ea.mp3?hdnea=exp=1789845322~acl=/api/1/1/9/b/9/0/9b9cae97a4d038f944acda5384a2e3ea.mp3*~data=user_id=0,application_id=42~hmac=4a837bdb98a30096a83821574def85675982d12db8e2486cd11ebb1db1037cc6",199,說唱饒舌,
夢臆,鄒沛沛,FM1A2H8AsJ4,1735455893,https://audio-ssl.itunes.apple.com/itunes-assets/AudioPreview221/v4/b5/68/11/b56811d6-ed18-edb8-90a6-c024f97af7e3/mzaf_17916319567197393663.plus.aac.p.m4a,,,178,抖音神曲,
沉溺,鄒沛沛,obCmHh0aTFk,1679509673,https://audio-ssl.itunes.apple.com/itunes-assets/AudioPreview221/v4/97/9f/3b/979f3bf6-6921-fd2a-8841-ab91cf118acd/mzaf_15047316028255568416.plus.aac.p.m4a,3539984641,"https://cdnt-preview.dzcdn.net/api/1/1/9/7/6/0/976ce0d0b42f025039f3940637c3c12a.mp3?hdnea=exp=1789845327~acl=/api/1/1/9/7/6/0/976ce0d0b42f025039f3940637c3c12a.mp3*~data=user_id=0,application_id=42~hmac=43c668ea256777997fdbcf71218eeb4fb6cfe4c89e1fd644358b3fa1cc726234",194,抖音神曲;聚會合唱,
勢在必行,陳勢安,4_hLtsfGatA,535084848,https://audio-ssl.itunes.apple.com/itunes-assets/AudioPreview221/v4/2f/88/eb/2f88eb7e-461d-f2ed-77f9-f226ef5e6889/mzaf_14182173249892948516.plus.aac.p.m4a,,,239,KTV必唱;華語流行;經典必聽,
天后,陳勢安,NdDXhcI8JLQ,535085181,https://audio-ssl.itunes.apple.com/itunes-assets/AudioPreview211/v4/94/44/43/944443e0-2db0-3a3c-8fa2-b4c28b31e072/mzaf_1915175941299724922.plus.aac.p.m4a,1480588962,"https://cdnt-preview.dzcdn.net/api/1/1/d/5/6/0/d562a1aeeb72f3de3a5ebc71b6676f8a.mp3?hdnea=exp=1789845332~acl=/api/1/1/d/5/6/0/d562a1aeeb72f3de3a5ebc71b6676f8a.mp3*~data=user_id=0,application_id=42~hmac=d4c97d4992946a717a6c6f8efa6d23d30914d522e5110817cfb047b2b292d385",290,KTV必唱;華語流行;經典必聽,
十年,陳奕迅,tjr3SrCg3pc,651456011,https://audio-ssl.itunes.apple.com/itunes-assets/AudioPreview221/v4/2d/ac/f3/2dacf39e-5ea3-6bb0-b3d7-9ae7698a3766/mzaf_17074639237948685456.plus.aac.p.m4a,2383973915,"https://cdnt-preview.dzcdn.net/api/1/1/b/3/2/0/b327081b3d6e58b3eb3167301400d12e.mp3?hdnea=exp=1789845334~acl=/api/1/1/b/3/2/0/b327081b3d6e58b3eb3167301400d12e.mp3*~data=user_id=0,application_id=42~hmac=90beca021a4ef7bcad3c013b10c91457cbce3d64625dc9ef7bdc009d58a5a9be",203,華語流行;經典必聽;KTV必唱;跨年代金曲;失戀療傷;深夜EMO;通勤歌單;聚會合唱,（請自行填入歌詞供 LYRIC_LINE 模式使用，避免著作權疑慮，此處不預先填入）
富士山下,陳奕迅,7qeShSmmsNg,1443346107,https://audio-ssl.itunes.apple.com/itunes-assets/AudioPreview211/v4/66/2d/72/662d7254-49b7-a34f-dcf8-5a06bd0156eb/mzaf_7144034984817217622.plus.aac.p.m4a,7278824,"https://cdnt-preview.dzcdn.net/api/1/1/4/c/c/0/4ccb115b3cef8d9fed8e7eeefb4aa57b.mp3?hdnea=exp=1789845336~acl=/api/1/1/4/c/c/0/4ccb115b3cef8d9fed8e7eeefb4aa57b.mp3*~data=user_id=0,application_id=42~hmac=f74195758d92a459c132bea385fb78c078fa6499921a03ce2775ba748fea4a4e",259,華語流行;經典必聽;KTV必唱;跨年代金曲;失戀療傷;深夜EMO;通勤歌單;聚會合唱,（請自行填入歌詞供 LYRIC_LINE 模式使用，避免著作權疑慮，此處不預先填入）
把悲傷留給自己,陳昇,HK2hmEzmMJA,151369725,https://audio-ssl.itunes.apple.com/itunes-assets/AudioPreview115/v4/af/61/2d/af612d96-f60f-6a65-0db0-9a765c6be1a9/mzaf_1698334470577362863.plus.aac.p.m4a,1454948982,"https://cdnt-preview.dzcdn.net/api/1/1/8/e/f/0/8ef9417ebf9c593496a499bec62d7873.mp3?hdnea=exp=1789845339~acl=/api/1/1/8/e/f/0/8ef9417ebf9c593496a499bec62d7873.mp3*~data=user_id=0,application_id=42~hmac=6c1eb214e3768d54320d30ffef5071df0e88d1d433ab2647a2aae819d4e89b1f",269,華語流行;經典必聽;KTV必唱;跨年代金曲;失戀療傷;深夜EMO,
NONO,頑童MJ116,T03X-RLXya8,,,,,172,華語流行;說唱饒舌;R&B與節奏感;熱血青春;城市夜行;通勤歌單,
OGS,頑童MJ116,dXgmoqhJIak,1818988555,https://audio-ssl.itunes.apple.com/itunes-assets/AudioPreview221/v4/a8/c6/62/a8c66254-3cf1-5eca-f989-88f0823548c6/mzaf_16142101137388939312.plus.aac.p.m4a,,,161,華語流行;說唱饒舌;R&B與節奏感;熱血青春;城市夜行;通勤歌單,
SPOTLIGHT,頑童MJ116,Mq8l66UNjtk,1312736620,https://audio-ssl.itunes.apple.com/itunes-assets/AudioPreview221/v4/4a/d8/3a/4ad83a50-7e30-5261-4fad-079f8dba861d/mzaf_13448526502260811529.plus.aac.p.m4a,,,215,華語流行;說唱饒舌;R&B與節奏感;熱血青春;城市夜行;通勤歌單,
Sweet Baby,頑童MJ116,jPw-GeTR-7c,,,,,183,華語流行;說唱饒舌;R&B與節奏感;告白甜歌;熱血青春;城市夜行;通勤歌單,
兄弟們要進城 Rollin' to Town,頑童MJ116,hOcUZRKL6Yc,,,,,172,華語流行;說唱饒舌;R&B與節奏感;熱血青春;城市夜行;通勤歌單,
少年董Don,頑童MJ116,yLDtq0nyDsk,1452774096,https://audio-ssl.itunes.apple.com/itunes-assets/AudioPreview221/v4/c0/c7/86/c0c78679-51a2-4b34-7c35-e551132dd509/mzaf_6375134010591615604.plus.aac.p.m4a,,,193,華語流行;說唱饒舌;R&B與節奏感;熱血青春;城市夜行;通勤歌單,
海嶼你,馬也_Crabbit,XrvMc5tFBEM,1692508528,https://audio-ssl.itunes.apple.com/itunes-assets/AudioPreview211/v4/2e/9f/a6/2e9fa6f3-09ac-3814-77a8-27da6a8ce4ac/mzaf_3447014180564561992.plus.aac.p.m4a,,,297,抖音神曲;通勤歌單;聚會合唱;失戀療傷;深夜EMO,
消散的味道,高旭,E_tAEthisWA,1802538094,https://audio-ssl.itunes.apple.com/itunes-assets/AudioPreview221/v4/04/42/f6/0442f650-bee9-9893-01de-9c04bfe63cc1/mzaf_17634430838512743338.plus.aac.p.m4a,,,181,抖音神曲,
Be Alright,高爾宣 OSN,bMEn7EswYx4,1443762605,https://audio-ssl.itunes.apple.com/itunes-assets/AudioPreview112/v4/9e/ae/e9/9eaee9fb-9976-0d86-cfa0-ded634eecbdc/mzaf_11508468818724334637.plus.aac.p.m4a,3187286141,"https://cdnt-preview.dzcdn.net/api/1/1/5/d/1/0/5d12f842b8e2d4443a1dc0b574a29481.mp3?hdnea=exp=1789845361~acl=/api/1/1/5/d/1/0/5d12f842b8e2d4443a1dc0b574a29481.mp3*~data=user_id=0,application_id=42~hmac=13ab606ec227e09a6f5a99c36fc6ecccdc8223e351553ab75923c69291ef329a",206,說唱饒舌,
Hold On,高爾宣 OSN,Ii0T-ZWjozg,1750685691,https://audio-ssl.itunes.apple.com/itunes-assets/AudioPreview211/v4/aa/e6/e6/aae6e6e6-0d21-6441-37ed-ddc305627320/mzaf_10460514723902123198.plus.aac.p.m4a,2834951842,"https://cdnt-preview.dzcdn.net/api/1/1/f/2/f/0/f2f9f619c6a7d79d05fbdfcc314866ae.mp3?hdnea=exp=1789845363~acl=/api/1/1/f/2/f/0/f2f9f619c6a7d79d05fbdfcc314866ae.mp3*~data=user_id=0,application_id=42~hmac=2682eb25017e84f4bd212645c82192fbccab189d2ac1d457cd1962804e28b857",181,華語流行;說唱饒舌;R&B與節奏感;熱血青春;城市夜行;通勤歌單,
So Bad,高爾宣 OSN,kTNNPbVFNHQ,1460167117,https://audio-ssl.itunes.apple.com/itunes-assets/AudioPreview221/v4/59/ef/b6/59efb655-4096-940d-2d99-91966d452f96/mzaf_9969571421259263049.plus.aac.p.m4a,3179651841,"https://cdnt-preview.dzcdn.net/api/1/1/f/d/c/0/fdc88cdfb20608e4281aa7950d419ce7.mp3?hdnea=exp=1789845365~acl=/api/1/1/f/d/c/0/fdc88cdfb20608e4281aa7950d419ce7.mp3*~data=user_id=0,application_id=42~hmac=98e1e8bea73124f3a498330d4a05a415d3a2441a7e0e41bdee2f8861ea7399a2",173,華語流行;說唱饒舌;R&B與節奏感;熱血青春;城市夜行;通勤歌單,
Why You Gonna Lie?,高爾宣 OSN,nEpF6ISYdM0,1460167117,https://audio-ssl.itunes.apple.com/itunes-assets/AudioPreview221/v4/59/ef/b6/59efb655-4096-940d-2d99-91966d452f96/mzaf_9969571421259263049.plus.aac.p.m4a,3187286121,"https://cdnt-preview.dzcdn.net/api/1/1/f/4/e/0/f4e4b7e76fcc56229d4de17bc0793064.mp3?hdnea=exp=1789845368~acl=/api/1/1/f/4/e/0/f4e4b7e76fcc56229d4de17bc0793064.mp3*~data=user_id=0,application_id=42~hmac=42d5d08643cce9e77bbf225f30af44e442b5bf7d62c18c4cac7e5f05fa271d3d",174,華語流行;說唱饒舌;R&B與節奏感;熱血青春;城市夜行;通勤歌單,
Without You,高爾宣 OSN,HQDDlgGy2hg,1460167117,https://audio-ssl.itunes.apple.com/itunes-assets/AudioPreview221/v4/59/ef/b6/59efb655-4096-940d-2d99-91966d452f96/mzaf_9969571421259263049.plus.aac.p.m4a,3179994001,"https://cdnt-preview.dzcdn.net/api/1/1/9/a/4/0/9a43e80a6a46e438defc7514e56b6e12.mp3?hdnea=exp=1789845370~acl=/api/1/1/9/a/4/0/9a43e80a6a46e438defc7514e56b6e12.mp3*~data=user_id=0,application_id=42~hmac=cd5ac45ed11d35eff8a3b58b7a2b8b31f63c52b476b9c173639de24dbd79161f",176,華語流行;說唱饒舌;R&B與節奏感;熱血青春;城市夜行;通勤歌單,
最後一次,高爾宣 OSN,ZFcp9UBct0Y,1454038193,https://audio-ssl.itunes.apple.com/itunes-assets/AudioPreview122/v4/c4/a4/26/c4a4266e-b33f-0f2e-7d86-0e8dc8fb7fbe/mzaf_5834468482053672126.plus.aac.p.m4a,3179985401,"https://cdnt-preview.dzcdn.net/api/1/1/9/7/d/0/97d1260b1c127152e6916c55029ff9ed.mp3?hdnea=exp=1789845373~acl=/api/1/1/9/7/d/0/97d1260b1c127152e6916c55029ff9ed.mp3*~data=user_id=0,application_id=42~hmac=51ba36d7a4844c2bce535ed311037a3a08fc7edd53a81be75023cec4caa71863",166,華語流行;說唱饒舌;R&B與節奏感;失戀療傷;深夜EMO;熱血青春;城市夜行;通勤歌單,
你怎麼捨得我難過,黃品源,tTotj760NCA,1092384560,https://audio-ssl.itunes.apple.com/itunes-assets/AudioPreview221/v4/52/ac/80/52ac8031-f50c-d4c6-3e85-9ca762d4b700/mzaf_1528994736526592575.plus.aac.p.m4a,,,262,華語流行;經典必聽;KTV必唱;跨年代金曲;失戀療傷;深夜EMO,